Name,Genre,Price,Positive_Reviews,Negative_Reviews,Developer,Release_Date
Counter-Strike,Action,7.19,124534,3339,Valve,2000-11-01
Team Fortress Classic,Action,3.99,3318,633,Valve,1999-04-01
Day of Defeat,Action,3.99,3416,398,Valve,2003-05-01
Deathmatch Classic,Action,3.99,1273,267,Valve,2001-06-01
Half-Life: Opposing Force,Action,3.99,5250,288,Gearbox Software,1999-11-01
Ricochet,Action,3.99,2758,684,Valve,2000-11-01
Half-Life,Action,7.19,27755,1100,Valve,1998-11-08
Counter-Strike: Condition Zero,Action,7.19,12120,1439,Valve,2004-03-01
Half-Life: Blue Shift,Action,3.99,3822,420,Gearbox Software,2001-06-01
Half-Life 2,Action,7.19,67902,2419,Valve,2004-11-16
Counter-Strike: Source,Action,7.19,76640,3497,Valve,2004-11-01
Half-Life: Source,Action,0.0,3767,1053,Valve,2004-06-01
Day of Defeat: Source,Action,7.19,10489,1210,Valve,2010-07-12
Half-Life 2: Deathmatch,Action,3.99,6020,787,Valve,2004-11-01
Half-Life 2: Lost Coast,Action,0.0,5783,1020,Valve,2005-10-27
Half-Life Deathmatch: Source,Action,0.0,1362,473,Valve,2006-05-01
Half-Life 2: Episode One,Action,5.79,7908,517,Valve,2006-06-01
Portal,Action,7.19,51801,1080,Valve,2007-10-10
Half-Life 2: Episode Two,Action,5.79,13902,696,Valve,2007-10-10
Team Fortress 2,Action;Free to Play,0.0,515879,34036,Valve,2007-10-10
Left 4 Dead,Action,7.19,17951,948,Valve,2008-11-17
Left 4 Dead 2,Action,7.19,251789,8418,Valve,2009-11-19
Dota 2,Action;Free to Play;Strategy,0.0,863507,142079,Valve,2013-07-09
Portal 2,Action;Adventure,7.19,138220,1891,Valve,2011-04-18
Alien Swarm,Action,0.0,17435,941,Valve,2010-07-19
Counter-Strike: Global Offensive,Action;Free to Play,0.0,2644404,402313,Valve;Hidden Path Entertainment,2012-08-21
Rag Doll Kung Fu,Indie,5.99,40,17,Mark Healey,2005-10-12
Red Orchestra: Ostfront 41-45,Action,3.99,1562,223,Tripwire Interactive,2006-03-14
Killing Floor,Action,14.99,53710,2649,Tripwire Interactive,2009-05-14
SiN Episodes: Emergence,Action,7.19,468,61,Ritual Entertainment,2006-05-10
Darwinia,Indie;Strategy,7.19,472,158,Introversion Software,2005-07-14
Uplink,Indie;Strategy,6.99,1602,152,Introversion Software,2006-08-23
DEFCON,Indie;Strategy,7.19,2057,344,Introversion Software,2006-09-29
Multiwinia,Indie,7.19,368,75,Introversion Software,2008-09-19
Dangerous Waters,Strategy,22.99,140,44,Sonalysts,2006-02-07
Space Empires IV Deluxe,Strategy,6.99,112,26,Malfador Machinations,2006-02-07
Disciples II: Rise of the Elves ,Strategy,4.99,451,108,Strategy First,2006-07-06
Disciples II: Gallean's Return,Strategy,4.99,490,152,Strategy First,2006-07-06
Iron Warriors: T - 72 Tank Command ,Strategy,3.99,137,102,Strategy First,2006-07-26
Space Empires V,Strategy,10.99,191,85,Malfador Machinations,2006-10-16
Arx Fatalis,RPG,2.99,671,106,Arkane Studios,2007-04-03
Source Filmmaker,Animation & Modeling;Video Production,0.0,15083,1111,Valve,2012-07-10
Earth 2160,Strategy,3.99,498,238,Reality Pump Studios,2006-04-01
Two Worlds Epic Edition,RPG,6.99,2656,1055,Reality Pump Studios,2009-04-30
Dark Messiah of Might & Magic,Action;RPG,4.29,4386,316,Arkane Studios,2006-10-25
Quake III Arena,Action,12.99,1362,66,id Software,2007-08-03
Quake IV,Action,12.99,891,171,RavenSoft / id Software,2011-08-04
Wolfenstein 3D,Action,2.99,1773,87,id Software,2007-08-03
Ultimate Doom,Action,3.99,3705,257,id Software,2007-08-03
Final DOOM,Action,3.99,573,82,id Software,2007-08-03
DOOM II,Action,3.99,2517,182,id Software,2007-08-03
QUAKE,Action,3.99,2618,136,id Software,2007-08-03
QUAKE II,Action,3.99,1369,107,id Software,2007-08-03
QUAKE II Mission Pack: The Reckoning,Action,2.49,65,12,Xatrix Entertainment,2007-08-03
QUAKE II Mission Pack: Ground Zero,Action,2.49,54,33,Rogue Entertainment,2007-08-03
QUAKE III: Team Arena,Action,12.99,108,31,id Software,2007-08-03
HeXen: Beyond Heretic,Action,2.99,249,26,Raven Software,2007-08-03
HeXen: Deathkings of the Dark Citadel,Action,2.99,57,20,Raven Software,2007-08-03
Heretic: Shadow of the Serpent Riders,Action,2.99,417,29,Raven Software,2007-08-03
The Ship: Murder Party,Action;Indie;RPG,0.0,4819,792,Outerlight Ltd.,2006-07-11
Bloody Good Time,Action,4.29,662,204,Outerlight Ltd.,2010-10-29
Shadowgrounds,Action,3.99,973,248,Frozenbyte,2006-05-08
Gumboy - Crazy Adventuresâ„¢,Casual;Indie,0.0,52,46,"CINEMAX, s.r.o.",2006-12-19
Alpha Prime,Action,2.99,610,523,Black Element,2007-11-07
Vampire: The Masquerade - Bloodlines,Action,14.99,6161,362,Troika Games,2007-03-22
GUNâ„¢,Action,9.99,740,87,Neversoft,2006-10-13
Call of DutyÂ®,Action,14.99,1555,117,Infinity Ward,2006-10-13
Call of DutyÂ® 2,Action,14.99,2434,236,Infinity Ward;Aspyr (Mac),2006-10-13
Call of Duty: United Offensive,Action,14.99,490,97,Gray Matter Studios,2006-10-13
Act of War: Direct Action,Action,1.99,180,33,Eugen Systems,2008-03-12
ThreadSpace: Hyperbol,Action;Indie;Strategy,3.99,31,9,Iocaine Studios,2007-07-12
ARMA: Combat Operations,Action,5.99,145,77,Bohemia Interactive,2008-03-12
X2: The Threat,Strategy,4.99,212,50,Egosoft,2006-07-21
X3: Reunion,Strategy,9.99,282,113,Egosoft,2006-07-21
X3: Terran Conflict,Action;Simulation;Strategy,15.99,1633,272,Egosoft,2008-10-16
X: Beyond the Frontier,Simulation;Strategy,3.49,142,48,Egosoft,2010-10-08
X: Tension,Simulation;Strategy,3.49,57,18,Egosoft,2010-10-08
X Rebirth,Action;Simulation,24.99,2832,4032,Egosoft,2013-11-15
688(I) Hunter/Killer,Strategy,22.99,52,17,Sonalysts,2006-10-26
Fleet Command,Strategy,22.99,127,31,Sonalysts,2006-10-26
Sub Command,Strategy,22.99,33,14,Sonalysts,2006-10-26
FlatOut 2â„¢,Racing,5.99,5438,343,Bugbear Entertainment,2006-12-21
Xpand Rally,Racing,3.99,139,39,Techland,2006-08-24
Call of Juarezâ„¢,Action,8.59,793,198,Techland,2007-11-08
Xpand Rally Xtreme,Racing,3.99,71,36,Techland,2008-10-08
Men of War: Red Tide,Strategy,3.99,294,69,1C Entertainment,2009-11-01
King's Bounty: Armored Princess,RPG;Strategy,7.99,482,53,Katauri Interactive,2009-11-19
Genesis Rising,Strategy,4.49,30,94,Metamorf,2007-08-06
Safecracker: The Ultimate Puzzle Adventure,Adventure;Casual,4.49,256,172,Kheops Studio,2007-08-29
Painkiller Overdose,Action,4.49,429,137,Mindware Studios,2007-10-30
Zuma Deluxe,Casual,4.25,437,37,"PopCap Games, Inc.",2006-08-30
Heavy Weapon Deluxe,Casual,4.25,71,28,"PopCap Games, Inc.",2006-08-30
Peggle Deluxe,Casual,4.25,1106,66,"PopCap Games, Inc.",2007-03-06
Peggle Extreme,Casual,0.0,707,58,"PopCap Games, Inc.",2007-09-11
Venice Deluxe,Casual,4.25,10,2,"Retro64, Inc.",2007-06-25
Mystery P.I.â„¢ - The Lottery Ticket,Casual,4.25,10,3,SpinTop Games,2007-10-16
Amazing Adventures The Lost Tombâ„¢,Casual,4.25,21,8,SpinTop Games,2007-12-13
Mystery P.I.â„¢ - The Vegas Heist,Casual,4.25,11,5,SpinTop Games,2008-06-05
Amazing Adventures Around the World,Casual,4.25,23,7,SpinTop Games,2009-04-15
Peggleâ„¢ Nights,Casual,4.25,368,24,"PopCap Games, Inc.",2008-10-15
Bejeweled Twist,Strategy;Casual,4.25,98,18,"PopCap Games, Inc.",2008-11-18
Mystery P.I.â„¢ - The New York Fortune,Casual,4.25,8,5,SpinTop Games,2009-01-28
The Wizard's Penâ„¢,Casual,4.25,15,3,"PopCap Games, Inc.",2009-02-18
Plants vs. Zombies GOTY Edition,Strategy,4.25,14630,454,"PopCap Games, Inc.",2009-05-05
Escape Rosecliff Island,Casual,4.25,97,57,SpinTop Games,2009-04-15
Mystery P.I. - Lost in Los Angeles,Casual,4.25,8,3,SpinTop Games,2009-07-27
Zuma's Revenge!,Action;Casual,4.25,435,28,"PopCap Games, Inc.",2009-09-15
Sniper Elite,Action,5.59,1181,377,Rebellion,2009-07-16
Judge Dredd: Dredd vs. Death,Action,5.59,559,79,Rebellion,2009-03-26
Evil Genius,Strategy,6.99,1847,95,Elixir Studios,2009-06-22
Aliens versus Predator Classic 2000,Action,3.99,1434,219,Rebellion,2010-01-15
Advent Rising,Action,7.19,260,71,GlyphX Games,2006-09-14
BloodRayne,Action,6.99,369,110,Terminal Reality,2006-09-14
BloodRayne 2,Action,6.99,259,103,Terminal Reality,2006-09-14
Psychonauts,Action,6.99,8204,456,Double Fine Productions,2006-10-11
Sid Meier's CivilizationÂ® IV,Strategy,9.99,1394,129,Firaxis Games,2006-10-25
Sid Meier's CivilizationÂ® III Complete,Strategy,2.99,2578,405,Firaxis Games,2006-10-25
Sid Meier's Pirates!,RPG,5.99,2641,193,Firaxis Games,2005-07-11
Shattered Union,Strategy,2.99,39,49,PopTop,2006-10-25
CivCity: Rome,Strategy,5.99,184,65,FireFly Studios;Firaxis Games,2007-04-06
Civilization IVÂ®: Warlords,Strategy,2.99,121,20,Firaxis Games,2007-04-06
Garry's Mod,Indie;Simulation,6.99,363721,16433,Facepunch Studios,2006-11-29
Poker Superstars II,Casual;Strategy;Indie,5.99,4,5,Funkitron,2006-10-05
RACE - The WTCC Game,Racing,25.99,119,43,SimBin,2006-11-24
RACE: Caterham Expansion,Racing,3.99,4,2,SimBin,2007-06-22
RoboBlitz,Action;Indie,5.99,43,14,Naked Sky Entertainment,2006-11-07
Silverfall,RPG,7.99,57,36,Monte Cristo,2007-03-20
City Life 2008,Simulation;Strategy,6.99,77,41,Monte Cristo,2008-09-29
Silverfall: Earth Awakening,RPG,7.99,31,17,Monte Cristo,2008-07-18
S.T.A.L.K.E.R.: Shadow of Chernobyl,Action;RPG,9.99,11039,570,GSC Game World,2007-03-20
Full Spectrum Warrior,Action;Strategy,7.99,106,60,Pandemic Studios,2007-07-17
Full Spectrum Warrior: Ten Hammers,Action;Strategy,4.99,76,38,Pandemic Studios,2007-07-17
Company of Heroes - Legacy Edition,Violent;Action;Strategy,0.0,4772,320,Relic Entertainment,2007-07-17
"WarhammerÂ® 40,000: Dawn of WarÂ® - Game of the Year Edition",Strategy,9.99,3485,206,Relic Entertainment,2007-08-07
"WarhammerÂ® 40,000: Dawn of WarÂ® - Dark Crusade",Strategy,9.99,2849,133,Relic Entertainment,2007-08-07
Total War: MEDIEVAL II â€“ Definitive Edition,Strategy,0.0,10270,605,CREATIVE ASSEMBLY;Feral Interactive (Mac);Feral Interactive (Linux),2006-11-15
Condemned: Criminal Origins,Action,9.99,1243,221,Monolith,2012-10-29
Rome: Total Warâ„¢ - Collection,Strategy,8.99,7806,562,CREATIVE ASSEMBLY,2007-08-28
Rome: Total Warâ„¢ - Alexander,Strategy,8.99,331,131,The Creative Assembly,2007-08-28
Medieval II: Total Warâ„¢ Kingdoms,Strategy,0.0,585,30,The Creative Assembly;Feral Interactive (Mac);Feral Interactive (Linux),2007-08-28
Heroes of Annihilated Empires,Strategy,9.99,259,46,GSC Game World,2006-11-22
Cossacks: Back to War,Strategy,3.99,1081,143,GSC Game World,2010-09-02
Cossacks: Art of War,Strategy,3.99,102,22,GSC Game World,2011-08-26
Cossacks: European Wars,Strategy,3.99,170,66,GSC Game World,2011-08-26
Cossacks II: Battle for Europe,Strategy,3.99,246,138,GSC Game World,2011-08-26
Zen of Sudoku,Casual;Indie,0.0,122,17,Unknown Worlds Entertainment,2006-12-14
Natural Selection 2,Action;Indie;Strategy,6.99,8372,1498,Unknown Worlds Entertainment,2012-10-30
STAR WARSâ„¢ Republic Commandoâ„¢,Action,7.19,6392,379,LucasArts,2009-07-08
Indiana JonesÂ® and the Fate of Atlantisâ„¢,Adventure,4.79,597,31,LucasArts,2009-07-08
STAR WARSâ„¢ Jedi Knight - Jedi Academyâ„¢,Action,7.19,5684,330,Raven Software;Aspyr (Mac),2009-09-16
STAR WARSâ„¢ Jedi Knight II - Jedi Outcastâ„¢,Action,7.19,2020,219,Raven Software;Aspyr (Mac),2009-09-16
The DigÂ®,Adventure,4.79,575,55,LucasArts,2009-07-08
"Star Wars: Battlefront 2 (Classic, 2005)",Action,7.19,29149,2425,Pandemic Studios,2009-07-08
ThrillvilleÂ®: Off the Railsâ„¢,Action;Adventure;Racing;Simulation;Strategy,7.19,272,38,Frontier,2009-07-08
Armed and DangerousÂ®,Action,4.79,115,18,Planet Moon Studios,2009-07-08
Shank,Action;Indie,7.19,1749,227,Klei Entertainment,2010-10-25
Ghost MasterÂ®,Strategy,3.99,1025,164,Sick Puppies,2006-12-21
Vegas: Make It Bigâ„¢,Strategy,3.99,91,33,Deepred,2006-12-21
FlatOut,Racing,4.99,1977,186,Bugbear Entertainment,2007-02-02
Making History: The Calm & the Storm,Action;Strategy,3.99,460,107,Muzzy Lane,2007-03-13
Ducati World Championship,Racing,3.99,77,100,Artematica Entertainment,2007-09-21
Dreamfall: The Longest Journey,Adventure;RPG,13.99,588,89,Funcom,2007-01-12
The Longest Journey,Action;Adventure;RPG,5.99,1152,102,Funcom,2007-05-01
Bloodline Champions,Action;Free to Play;Massively Multiplayer,0.0,1365,226,Stunlock Studios,2011-10-28
Joint Task Force,Action;Strategy,5.79,100,15,Most Wanted Entertainment,2007-03-27
Nexus - The Jupiter Incident,Indie;Simulation;Strategy,6.99,474,90,Mithis Games;THQ Nordic,2007-07-03
Lost Planetâ„¢: Extreme Condition,Action;Adventure,9.99,569,178,"CAPCOM Co., Ltd.",2007-06-29
Devil May CryÂ® 3 Special Edition,Action,15.99,1462,1052,"CAPCOM Co., Ltd.",2007-06-12
Commandos: Behind Enemy Lines,Action,3.99,1561,213,Pyro Studios,2007-03-15
Commandos: Beyond the Call of Duty,Action,3.99,404,71,Pyro Studios,2007-03-15
Commandos 2: Men of Courage,Action,3.99,1333,238,Pyro Studios,2007-03-15
Commandos 3: Destination Berlin,Action,3.99,421,265,Pyro Studios,2007-03-15
Hitman 2: Silent Assassin,Action,8.29,1514,260,Io-Interactive A/S,2007-03-15
Hitman: Blood Money,Action,9.29,5864,391,Io-Interactive A/S,2007-03-15
Battlestations: Midway,Action,4.99,316,113,Eidos Interactive,2007-03-15
Just Cause,Action,4.99,1732,846,Avalanche Studios,2007-03-15
Hitman: Codename 47,Action,7.19,1186,450,IO Interactive A/S,2007-03-15
Deus Ex: Game of the Year Edition,Action,4.99,6242,347,Ion Storm,2007-03-29
Deus Ex: Invisible War,Action,4.99,649,433,Ion Storm,2007-03-29
Thief: Deadly Shadows,Action,6.99,1135,210,Ion Storm,2007-03-29
Tomb Raider: Legend,Action;Adventure,4.99,1656,243,Crystal Dynamics,2007-03-29
Project: Snowblind,Action,3.99,175,61,Crystal Dynamics,2007-03-29
Rogue Trooper,Action,6.99,248,15,Rebellion,2007-03-29
Jade Empireâ„¢: Special Edition,RPG,8.99,809,279,BioWare Corporation,2007-02-27
Trackmania United Forever Star Edition,Racing,25.99,963,55,Nadeo,2008-04-16
"Runaway, A Road Adventure",Adventure,6.99,236,90,Pendulo Studios,2007-03-14
"Runaway, The Dream of The Turtle",Adventure,6.99,86,65,Pendulo Studios,2007-03-14
Loki,RPG,6.99,69,54,Cyanide Studios,2007-10-05
Azada,Casual;Indie,6.99,8,4,Big Fish Games,2010-04-21
X-Blades,Nudity;Violent;Action;Adventure;RPG,6.99,1566,981,Gaijin Entertainment,2009-04-30
Two Worlds II HD,Nudity;Violent;RPG,14.99,3054,2051,Reality Pump Studios,2011-02-03
Two Worlds II Castle Defense,Strategy,6.99,153,194,Reality Pump Studios,2011-06-14
Sid Meier's Railroads!,Strategy,5.99,1114,570,Firaxis Games;Feral Interactive (Mac),2007-05-04
Railroad Tycoon 3,Strategy,5.99,355,153,PopTop,2007-05-04
Railroad Tycoon II Platinum,Strategy,2.99,420,82,PopTop,2007-05-04
X-COM: Terror From the Deep,Strategy,2.99,385,32,"MicroProse Software, Inc",2007-05-04
X-COM: Apocalypse,Strategy,2.99,417,53,"MicroProse Software, Inc",2008-09-04
X-COM: Interceptor,Strategy,2.99,57,54,"MicroProse Software, Inc",2008-09-04
X-COM: UFO Defense,Strategy,2.99,2165,136,"MicroProse Software, Inc",2008-09-04
X-COM: Enforcer,Strategy,2.99,146,138,"MicroProse Software, Inc",2008-09-04
Men of Warâ„¢,Strategy,3.99,1664,257,Best Way,2009-05-06
Death TrackÂ®: Resurrection,Racing,1.99,34,50,Sky Fallen,2009-05-06
NecroVision,Action,3.99,539,270,The Farm 51,2009-05-20
Call of DutyÂ® 4: Modern WarfareÂ®,Action,19.99,8725,821,Infinity Ward;Aspyr (Mac),2007-11-12
Tomb Raider: Anniversary,Action;Adventure,6.99,1964,389,Crystal Dynamics;Feral Interactive (Mac),2007-06-05
Kane and Lynch: Dead Menâ„¢,Action,4.99,1223,724,IO Interactive,2007-12-13
Conflict: Denied Ops,Action,3.99,89,103,Pivotal Games,2008-02-08
Tomb Raider: Underworld,Action;Adventure,6.99,1779,594,Crystal Dynamics,2008-11-21
Battlestations Pacific,Action;Strategy,6.99,1028,542,Eidos Studio Hungary,2009-05-13
Just Cause 2,Action;Adventure,9.99,33636,3231,Avalanche Studios,2010-03-23
Bone: Out From Boneville,Adventure,0.0,78,71,Telltale Games,2008-06-17
Bone: The Great Cow Race,Adventure,0.0,44,33,Telltale Games,2008-06-17
Telltale Texas Hold â€˜Em,Casual,1.99,69,77,Telltale Games,2008-06-17
Strong Bad's Cool Game for Attractive People: Season 1,Adventure,22.99,218,25,Telltale Games,2008-12-18
Geometry Wars: Retro Evolved,Casual,2.99,583,62,Bizarre Creations,2007-06-18
EVE Online,Action;Free to Play;Massively Multiplayer;RPG;Strategy,0.0,8317,2832,CCP,2010-12-15
RACE 07,Racing,2.49,1684,348,SimBin,2007-10-15
GTR 2 FIA GT Racing Game,Racing;Simulation;Sports,4.99,174,16,SimBin Studios AB,2012-12-12
Civilization IV: Beyond the Sword,Strategy,5.99,1396,66,Firaxis Games,2007-07-24
BioShock Infinite,Action,19.99,79442,3846,Irrational Games;Aspyr (Mac);Virtual Programming (Linux),2013-03-25
Freedom Force,RPG;Strategy,2.99,197,150,Irrational Games,2009-05-29
Freedom Force vs. the Third Reich,RPG;Strategy,2.99,121,28,Irrational Games,2009-05-29
Sid Meier's CivilizationÂ® V,Strategy,19.99,129030,5565,Firaxis Games;Aspyr (Mac);Aspyr (Linux),2010-09-23
Axel & Pixel,Indie,3.49,35,14,Silver Wish Games,2010-10-06
Spear of Destiny,Action,2.49,200,36,id Software,2007-08-03
Return to Castle Wolfenstein,Action,3.99,3084,276,Gray Matter Studios,2007-08-03
QUAKE Mission Pack 2: Dissolution of Eternity,Action,2.49,143,15,Rogue Entertainment,2007-08-03
QUAKE Mission Pack 1: Scourge of Armagon,Action,2.49,205,13,Ritual Entertainment,2007-08-03
DOOM 3,Action,0.0,2633,376,id Software,2007-08-03
HeXen II,Action,2.99,173,39,Raven Software,2007-08-03
Master Levels for Doom II,Action,0.0,310,69,id Software,2007-08-03
Commander Keen,Action,2.99,737,51,id Software,2007-08-03
RAGE,Action,7.99,9394,2882,id Software,2011-10-03
"WarhammerÂ® 40,000: Dawn of WarÂ® â€“ Winter Assault",Strategy,9.99,606,76,Relic Entertainment,2007-08-07
Company of Heroes: Opposing Fronts,Action;Strategy,9.99,579,52,Relic Entertainment,2007-09-24
Supreme Commander,Strategy,8.99,1065,162,Gas Powered Games,2011-09-28
Supreme Commander: Forged Alliance,Strategy,8.99,4969,174,Gas Powered Games,2011-09-28
"WarhammerÂ® 40,000: Dawn of WarÂ® - Soulstorm",Strategy,9.99,4887,286,Relic Entertainment,2008-03-07
Frontlinesâ„¢: Fuel of Warâ„¢,Action,9.99,378,229,Kaos Studios,2008-02-29
Saints Row 2,Action,9.99,9442,2881,Volition,2009-01-07
Gish,Indie,5.99,160,94,Cryptic Sea,2007-07-20
Desperados 2: Cooper's Revenge,Action,6.99,42,54,Spellbound,2008-03-12
Act of War: High Treason,Action,1.99,157,38,Eugen Systems,2008-03-12
Death to Spies,Action;Adventure,3.99,428,145,Haggard Games,2008-03-12
Codename: Panzers - Cold War,Simulation;Strategy,13.99,82,56,InnoGlow;Stormregion;THQ Nordic,2009-05-06
Champions Online,Free to Play;Massively Multiplayer;RPG,0.0,2081,823,Cryptic Studios,2011-06-14
Star Trek Online,Free to Play;Massively Multiplayer;RPG,0.0,7639,2391,Cryptic Studios,2012-01-31
Blade Kitten,Action;Adventure,1.99,746,149,Krome Studios,2014-05-22
Haunted Houseâ„¢,Adventure,4.79,9,13,ImagineEngline,2010-09-28
Star Raiders,Action,6.99,5,24,Incinerator Studios,2011-05-11
The UnderGarden,Casual,4.99,48,24,Artech Studios,2010-11-10
Call of Duty: World at War,Action,19.99,19595,1483,Treyarch,2008-11-18
King's Questâ„¢ Collection,Adventure,14.99,125,32,Sierra,2009-07-23
Space Questâ„¢ Collection,Adventure,9.99,143,42,Sierra,2009-07-23
Aces of the Galaxyâ„¢,Action;Casual,6.99,14,16,Artech Studios,2009-07-23
TimeShiftâ„¢,Action,9.99,623,159,Saber Interactive,2009-07-23
3D Ultraâ„¢ Minigolf Adventures,Sports,6.99,50,28,Wanako Games,2009-07-23
Prototypeâ„¢,Action;Adventure,14.99,3702,904,Radical Entertainment,2009-06-12
Call of DutyÂ®: Modern WarfareÂ® 2,Action,19.99,30006,2826,Infinity Ward;Aspyr (Mac),2009-11-11
Postal III,Action,8.99,641,1101,Trashmasters,2012-02-17
Dead Mountaineer's Hotel,Adventure,5.59,25,63,Electronic Paradise,2011-10-28
A Stroke of Fate: Operation Valkyrie,Adventure,4.99,15,10,SPLine,2011-10-28
PT Boats: Knights of the Sea,Simulation,4.99,12,12,Studio4,2011-10-28
PT Boats: South Gambit,Simulation,4.99,5,10,studio4,2011-10-28
Disciples III: Reincarnation,RPG;Strategy,9.99,618,252,Akella,2014-02-14
The Clubâ„¢,Action,9.99,47,50,Bizarre Creations,2008-02-20
Total War: EMPIRE â€“ Definitive Edition,Strategy,19.99,14928,1719,CREATIVE ASSEMBLY;Feral Interactive (Mac);Feral Interactive (Linux),2009-03-04
Aliens vs. Predatorâ„¢,Action,9.99,9448,1186,Rebellion,2010-02-16
TrackMania Nations Forever,Racing,0.0,8252,1244,Nadeo,2008-04-16
Sherlock Holmes - Nemesis,Adventure;RPG,6.99,114,43,Frogwares,2008-08-07
Dracula Origin,Adventure,6.99,94,45,Frogwares,2008-08-07
Sherlock Holmes: The Mystery of the Mummy,Adventure,0.0,59,130,Frogwares,2009-08-06
Sherlock Holmes: The Awakened - Remastered Edition,Adventure,6.99,178,49,Frogwares,2009-08-06
Sherlock Holmes: The Silver Earring,Adventure,6.99,98,54,Frogwares,2009-08-06
Sherlock Holmes versus Jack the Ripper,Adventure;RPG,6.99,300,94,Frogwares,2009-12-23
Shadowgrounds Survivor,Action,6.99,328,239,Frozenbyte,2007-11-14
Gumboy Tournament,Casual;Indie;Racing,1.79,351,142,"CINEMAX, s.r.o.",2008-05-19
Space Trader: Merchant Marine,Action;Indie;Strategy,3.99,299,310,Meridian4,2008-10-23
Pacific Storm,Simulation;Strategy,5.59,20,9,Buka Entertainment;Lesta Studio,2008-06-24
Pacific Storm Allies,Simulation;Strategy,5.59,78,56,Lesta Studio,2008-08-18
Penguins Arena: Sedna's World,Action;Casual;Indie,4.79,902,129,Frogames,2008-12-18
Obulis,Casual;Indie,3.99,586,130,IonFX,2009-03-19
Larva Mortus,Action;Indie,3.99,523,161,Meridian4,2009-03-19
Chains,Indie,3.99,433,148,2DEngine.com,2009-07-01
Overlordâ„¢,RPG,3.49,3439,276,Triumph Studios;Virtual Programming,2009-11-12
Soldiers: Heroes of World War II,Strategy,3.99,273,61,Best Way,2014-07-03
Maelstrom: The Battle for Earth Begins,Strategy,3.49,69,44,KDV Games,2009-02-13
Hospital Tycoon,Simulation,3.49,175,301,Deep Red Limited,2009-02-13
Grand Theft Auto III,Action,5.99,4718,750,Rockstar Games,2008-01-04
Grand Theft Auto: Vice City,Action,5.99,9817,819,Rockstar Games,2011-01-10
Grand Theft Auto: San Andreas,Action,9.99,26877,3243,Rockstar Games,2008-01-04
Manhunt,Action,5.99,816,433,Rockstar North,2008-01-04
Max Payne,Action,5.99,3926,435,Remedy Entertainment,2008-01-04
Max Payne 2: The Fall of Max Payne,Action,5.99,2506,172,Remedy Entertainment,2008-01-04
Grand Theft Auto,Action,0.0,199,30,Rockstar North,2008-01-04
Grand Theft Auto 2,Action,0.0,184,17,Rockstar North,2008-01-04
Bully: Scholarship Edition,Action;Adventure,9.99,8504,1764,Rockstar New England,2008-10-21
Grand Theft Auto IV,Action;Adventure,19.99,35240,18926,Rockstar North;Rockstar Toronto,2008-12-02
Grand Theft Auto: Episodes from Liberty City,Action,14.99,6401,2345,Rockstar North / Toronto,2010-04-12
Culpa Innata,RPG;Casual;Adventure,6.99,57,14,Momentum Digital Media Technologies,2008-01-18
Sacred Gold,Action;RPG,6.99,1489,319,Ascaron Entertainment ltd.,2008-07-09
Darkstar One,Action,6.99,256,59,Ascaron Entertainment ltd.,2008-02-13
Jack Keane,Adventure,6.99,46,27,Deck13,2008-06-27
FlatOut: Ultimate Carnage,Racing,16.99,1967,394,Bugbear Entertainment,2008-08-26
Exodus from the Earth ,Action,10.99,51,44,Parallax Arts Studio,2008-10-24
Perimeter 2: New Earth,Strategy,10.99,12,41,KDV Games,2009-02-10
SlamIt Pinball Big Score,Casual,3.99,31,69,Technetium Games,2009-02-23
Ankh 2: Heart of Osiris ,Adventure,10.99,23,17,Deck 13,2009-06-16
Ankh 3: Battle of the Gods,Adventure,10.99,12,8,Deck 13,2009-06-16
BC Kings,Strategy,3.99,85,76,Mascot Entertainment,2009-06-16
Port Royale 2,Strategy,2.99,174,95,Ascaron Entertainment ltd.,2009-06-16
9th Company: Roots Of Terror,Strategy,6.99,86,67,Noviy Disk;Lesta Studios Inc,2009-12-03
PuzzleQuest: Challenge of the Warlords,Casual,6.99,561,80,Infinite Interactive,2008-01-29
Prison Tycoon 3â„¢: Lockdown,Strategy,6.99,18,89,Gamebryo;Virtual Playground,2008-01-29
18 Wheels of Steel: American Long Haul,Racing,6.99,245,111,SCS Software,2008-01-29
Hunting Unlimitedâ„¢ 2008,Action;Adventure;Strategy,4.99,29,9,SCS Software,2008-01-29
Mahjongg Investigations: Under Suspicion,Casual,5.99,21,6,Zemnott,2008-07-29
Ride! Carnival Tycoon,Simulation,4.99,15,26,Gabriel Entertainment,2008-07-29
Sprint Cars Road to Knoxville,Racing,4.99,25,24,BigAnt Studios,2008-07-29
Midnight Outlaw: 6 Hours to SunUp,Racing,4.99,10,27,Merscom;Babylon,2008-07-29
Drakensang,RPG,6.99,238,72,Radon Labs,2009-03-09
Mission Runway,Simulation,4.99,14,6,Virtual Playground,2009-07-17
Overlordâ„¢: Raising Hell,RPG,6.99,946,75,Triumph Studios;Virtual Programming,2009-11-12
Rise of the Argonauts,RPG,4.99,365,178,Liquid Entertainment,2009-01-07
Damnation,Action;Adventure,6.99,132,182,Blue Omega Entertainment,2009-05-22
Overlord II,RPG,6.99,2116,306,Triumph Studios;Virtual Programming,2009-06-24
Operation Flashpoint: Dragon Rising,Action,6.99,1024,580,Codemasters Studios,2009-10-08
Ninja Reflex: Steamworks Edition,Casual;Indie,3.99,48,4,Sanzaru Games,2008-03-21
America's Army 3,Action,0.0,1515,723,U.S. Army,2009-06-17
Unreal 2: The Awakening,Action,8.99,240,100,"Epic Games, Inc.",2008-03-17
Unreal Tournament 3 Black,Action,13.99,2414,278,"Epic Games, Inc.",2009-03-05
Unreal Tournament 2004: Editor's Choice Edition,Action,8.99,2211,66,"Epic Games, Inc.",2004-03-17
Unreal Tournament: Game of the Year Edition,Action,5.99,2134,65,"Epic Games, Inc.",2008-03-17
Unreal Gold,Action,5.99,1228,132,"Epic Games, Inc.",2008-03-17
Prince of Persia: Warrior Withinâ„¢,Action;Adventure,8.59,657,101,Ubisoft,2009-08-27
Far CryÂ®,Action,8.59,3099,609,Crytek Studios,2008-04-01
Prince of Persia: The Two Thronesâ„¢,Action;Adventure,8.59,365,109,Ubisoft Montreal,2009-08-27
Tom Clancy's Rainbow SixÂ® Vegas,Action,8.59,371,106,Ubisoft Montreal,2008-04-09
Tom Clancy's Splinter CellÂ®,Action,4.29,900,147,Ubisoft,2008-04-01
Tom Clancy's Splinter Cell Chaos TheoryÂ®,Action,8.59,1777,140,Ubisoft Montreal,2009-08-27
Tom Clancy's Splinter Cell Double AgentÂ®,Action,8.59,356,454,Ubisoft Montreal,2009-02-13
Prince of PersiaÂ®: The Sands of Time,Action;Adventure,8.59,831,122,Kudosoft,2009-08-27
Tom Clancy's Ghost ReconÂ® Desert Siegeâ„¢,Action,4.29,34,2,Red Storm Entertainment,2008-07-15
Tom Clancy's Rainbow Six Lockdownâ„¢,Action,4.29,80,79,Red Storm Entertainment,2009-08-27
Rayman Raving Rabbidsâ„¢,Action;Adventure,4.29,239,80,Ubisoft Bulgaria;Ubisoft Montpellier,2008-06-13
Assassin's Creedâ„¢: Director's Cut Edition,Action;Adventure,8.59,5743,1162,Ubisoft Montreal,2008-04-09
Tom Clancy's Rainbow SixÂ® Vegas 2,Action,8.59,2582,456,Ubisoft Montreal,2008-04-16
Beyond Good and Evilâ„¢,Action;Adventure,4.29,1823,186,Ubisoft,2008-05-13
PetzÂ® HorsezÂ® 2,Simulation,4.29,76,38,Ubisoft,2009-08-27
Heroes of Might & Magic V,Strategy,8.59,1258,183,Nival,2008-05-13
Brothers in Arms: Road to Hill 30â„¢,Action,4.29,624,100,Gearbox Software,2008-05-13
Silent HunterÂ®: Wolves of the Pacific,Simulation,8.59,234,128,Ubisoft Romania,2009-08-27
Silent HunterÂ® III,Simulation,4.29,685,113,Ubisoft,2008-06-13
Silent HunterÂ®: Wolves of the Pacific U-Boat Missions,Simulation,4.29,70,24,Ubisoft Romania,2009-08-27
Cold Fearâ„¢,Action,4.29,272,40,Darkworks,2008-05-13
Tom Clancy's Ghost ReconÂ®,Action,8.59,536,45,Red Storm Entertainment,2008-07-15
IL-2 Sturmovik: 1946,Simulation,8.69,1287,185,1C: Maddox Games,2008-06-13
Heroes of Might & Magic V: Tribes of the East,Strategy,8.59,759,66,Nival,2008-10-10
Heroes of Might & Magic V: Hammers of Fate,Strategy,8.59,84,21,Nival,2008-10-10
Brothers in Arms: Hell's Highwayâ„¢,Action,8.59,823,98,Gearbox Software,2008-10-08
Harvest: Massive Encounter,Strategy;Indie,5.79,89,21,Oxeye Game Studio,2009-01-23
The Wonderful End of the World,Indie;Casual,6.99,402,135,"Dejobaan Games, LLC",2008-07-17
AaAaAA!!! - A Reckless Disregard for Gravity,Action;Indie;Sports,6.99,547,103,"Dejobaan Games, LLC",2009-09-03
AaaaaAAaaaAAAaaAAAAaAAAAA!!! for the Awesome,Action;Indie;Sports,6.99,747,252,"Dejobaan Games, LLC;Owlchemy Labs",2011-11-23
"Warhammer 40,000: Dawn of War II",Strategy,14.99,5626,755,Relic Entertainment;Feral Interactive (Mac/Linux),2009-02-18
Oddworld: Abe's OddyseeÂ®,Adventure,1.99,2739,442,Oddworld Inhabitants,2008-08-28
Oddworld: Abe's ExoddusÂ®,Adventure,1.99,806,48,Oddworld Inhabitants,2008-08-28
Oddworld: Munch's Oddysee,Action;Adventure;Strategy,3.99,437,155,Oddworld Inhabitants,2010-12-20
Oddworld: Stranger's Wrath HD,Action;Adventure;Strategy,6.99,759,139,Oddworld Inhabitants,2010-12-20
Planet Busters,Indie;Casual,5.99,1,1,Slam,2008-06-30
7 Wonders II,Casual,6.99,92,29,MumboJumbo,2008-06-10
Luxor Amun Rising,Casual,5.99,6,3,MumboJumbo,2008-06-10
Luxor 2,Casual,5.99,7,14,MumboJumbo,2008-06-10
Luxor 3,Casual,5.99,52,14,MumboJumbo,2008-06-10
Little Farm,Casual,5.99,73,35,MumboJumbo,2008-06-10
Luxor,Casual,5.99,29,14,MumboJumbo,2008-06-10
Discovery! A Seek and Find Adventure,Casual,6.99,20,29,MumboJumbo,2008-07-29
Samantha Swift and the Hidden Roses of Athena,Casual,5.99,30,23,MumboJumbo,2008-10-31
7 Wonders: Treasures of Seven,Casual,6.99,57,21,MumboJumbo,2008-11-14
Luxor: Quest for the Afterlife ,Casual,5.99,29,14,MumboJumbo,2008-12-15
Samantha Swift and the Golden Touch,Casual,5.99,26,25,MumboJumbo,2009-04-29
Virtual Villagers: A New Home,Casual;Simulation,5.99,20,7,Last Day of Work,2008-05-12
Virtual Villagers: The Lost Children,Casual;Simulation,5.99,11,3,Last Day of Work,2008-05-12
Plant Tycoon,Casual;Simulation,5.99,48,5,Last Day of Work,2008-05-12
Fish Tycoon,Casual;Simulation,5.99,35,8,Last Day of Work,2008-05-12
Virtual Villagers - The Secret City,Casual;Simulation,5.99,32,7,Last Day of Work,2008-05-28
Virtual Families,Casual;Simulation,7.49,20,7,Last Day of Work,2009-05-06
F.E.A.R. 2: Project Origin,Action,9.99,3274,509,Monolith,2009-02-12
Chaos Theory,Casual;Indie,1.99,10,1,blurredVision,2008-05-22
Trials 2: Second Edition,Indie;Racing;Sports,5.99,169,33,Redlynx,2008-05-28
Monster Trucks Nitro ,Indie;Racing;Sports,16.99,21,13,Redlynx Ltd,2009-01-29
Insecticide Part 1,Action;Adventure,0.79,308,110,Crackpot Entertainment,2008-07-01
Velvet Assassin,Action,1.69,1219,832,Replay Studios,2009-05-01
Legendary,Action,1.69,1095,1000,Spark Unlimited,2008-12-01
Sid Meier's Civilization IV: Colonization,Strategy,9.99,330,95,Firaxis Games,2008-09-23
GROUND BRANCH,Action;Indie;Early Access,15.49,599,143,BlackFoot Studios,2018-08-14
Tribes: Ascend,Action;Free to Play,0.0,6470,1738,Hi-Rez Studios,2012-06-27
Children of the Nile: Enhanced Edition,Strategy;Simulation,5.99,180,38,"Tilted Mill Entertainment, Inc.",2008-07-08
Children of the Nile: Alexandria,Strategy;Simulation,1.49,54,13,"Tilted Mill Entertainment, Inc.",2008-09-22
Hinterland,RPG;Strategy,6.99,113,38,"Tilted Mill Entertainment, Inc.",2008-09-30
Mosby's Confederacy,Strategy,6.99,15,6,"Tilted Mill Entertainment, Inc.",2008-11-19
Crysis,Action,9.99,6075,1277,Crytek,2008-09-17
Crysis WarheadÂ®,Action,7.99,1694,312,Crytek,2008-09-17
SPOREâ„¢,Simulation,14.99,15101,2014,Maxisâ„¢,2008-12-19
Mirror's Edgeâ„¢,Action;Adventure,9.99,17880,2341,DICE,2009-01-14
Need for Speed Undercover,Action;Racing,9.99,2351,1081,EA Black Box,2008-12-19
SPOREâ„¢ Creepy & Cute Parts Pack,Simulation,9.99,481,100,Maxisâ„¢,2008-12-19
Dragon Age: Origins,RPG,14.99,6207,468,BioWare,2009-11-05
Mass Effect,Action;RPG,7.99,10107,666,BioWare,2008-12-19
Dead Space,Action,14.99,9136,1049,EA Redwood Shores,2009-01-09
Command & Conquer: Red Alert 3,Strategy,9.99,4390,855,EA Los Angeles,2009-01-08
Zombie Panic! Source,Action;Free to Play;Indie,0.0,5267,914,Zombie Panic Team,2008-10-03
"Pirates, Vikings, and Knights II",Action;Free to Play;Indie,0.0,3839,582,Octoshark Studios,2010-02-12
Nuclear Dawn,Action;Strategy,6.99,1675,441,GameConnect;InterWave Studios,2011-09-26
Empires Mod,Action;Free to Play;Strategy,0.0,663,115,Empires,2008-07-28
"Precipice of Darkness, Episode One",Adventure;RPG,5.99,394,42,Hothead Games,2008-05-21
"Precipice of Darkness, Episode Two",Adventure;RPG,5.99,118,23,Hothead Games,2008-11-07
DeathSpank,Action;Indie;RPG,7.99,540,34,Hothead Games,2010-10-25
DeathSpank: Thongs of Virtue,Action;RPG;Indie,7.99,125,18,Hothead Games,2010-11-30
The Baconing,Action;Adventure;RPG,9.99,149,37,Hothead Games,2011-08-31
Unstoppable Gorg,Action;Casual;Indie;Strategy,6.99,190,48,Futuremark,2012-01-19
Spectraball,Casual;Indie,3.99,297,101,Shorebound Studios,2008-10-20
Crazy Machines 2,Casual;Strategy,7.19,97,108,Fakt Software,2008-06-20
Crazy Machines,Casual;Strategy,6.99,98,24,Fakt Software,2008-12-12
Helldorado,Strategy,6.99,53,23,Spellbound,2009-04-30
Mata Hari,Adventure,3.99,53,37,4Head Studios,2009-07-29
Defense Grid: The Awakening,Indie;Strategy,6.99,3307,113,Hidden Path Entertainment,2008-12-08
Mayhem Intergalactic,Indie;Strategy,6.99,12,10,Inventive Dingo,2009-01-22
And Yet It Moves,Action;Indie,6.99,735,327,Broken Rules,2009-04-02
Zero Gear,Action;Indie;Racing;Sports,3.99,652,173,Brian Cronin,2010-01-12
Silent Hill Homecoming,Adventure,17.99,480,437,Double Helix Games,2009-03-02
Puzzle Chronicles,Casual;RPG,7.99,16,8,Infinite Interactive,2010-06-25
Rocket Knight,Action;Adventure,11.99,70,22,Climax Studios,2010-06-25
Biozone,Action;Adventure;Casual,7.99,1,13,G5 Entertainment,2010-06-25
Tank Universal,Action;Indie,3.99,226,190,Dialogue Design,2008-08-21
Space Ark,Action;Indie;Casual,3.99,6,8,Strawdog Studios Ltd,2012-03-16
Eternity's Child,Adventure;Indie,2.99,16,47,Luc Bernard;SilverSphereStudios,2008-07-31
Brothers in Arms: Earned in Bloodâ„¢,Action,4.29,303,53,Gearbox Software,2008-10-10
Tom Clancy's Rainbow SixÂ® 3 Gold,Action,4.29,811,71,Red Storm Entertainment;Ubisoft Montreal,2008-09-25
Far CryÂ® 2: Fortune's Edition,Action,8.59,5292,1739,Ubisoft Montreal,2008-10-22
Prince of PersiaÂ®,Action;Adventure,8.59,948,266,Ubisoft Montreal,2008-12-10
Galactic Bowling,Indie;Casual;Sports,13.99,6,10,Perpetual FX Creative,2008-10-21
S.T.A.L.K.E.R.: Clear Sky,Action;RPG,7.99,5550,903,GSC Game World,2008-09-15
Red Faction,Action,4.99,1327,151,"Volition, Inc.",2009-08-05
Company of Heroes: Tales of Valor,Strategy,9.99,1337,101,Relic Entertainment,2009-04-08
Red Faction II,Action;Strategy,4.99,354,313,"Volition, Inc.",2009-08-06
"WarhammerÂ® 40,000: Dawn of WarÂ® II Chaos Rising",Strategy,14.99,1645,164,Relic Entertainment;Feral Interactive (Mac/Linux),2010-03-11
Starscape,Action;Indie;Strategy,5.99,50,15,Moonpod,2008-11-03
Mr. Robot,Action;Indie;Strategy,5.99,55,12,Moonpod,2008-11-03
Shatter,Action;Indie,6.99,963,64,Sidhe,2010-03-15
The Witcher: Enhanced Edition Director's Cut,Action;RPG,6.99,26380,4217,CD PROJEKT RED,2008-09-16
The Witcher 2: Assassins of Kings Enhanced Edition,RPG,14.99,36427,4710,CD PROJEKT RED,2012-04-16
LEGOÂ® Batmanâ„¢: The Videogame,Action;Adventure,14.99,1050,242,Traveller's Tales,2008-09-29
Watchmen: The End is Nigh,Action,3.99,227,120,Deadline Games,2009-03-04
Watchmen: The End is Nigh Part 2,Action,3.99,97,51,Deadline Games  ,2009-07-29
F.E.A.R.,Action,35.96,6371,438,"Monolith Productions, Inc.;Timegate",2010-05-21
F.E.A.R. 3,Action,12.99,5349,2030,Day 1 Studios,2011-06-21
LEGOÂ® Harry Potter: Years 1-4,Action;Adventure,9.99,1672,460,TT Games,2010-06-25
Gravitron 2,Indie;Casual,2.99,19,8,Dark Castle Software,2008-09-30
Project Aftermath,Strategy;Action;Indie,4.79,10,5,Games Faction,2008-10-03
PyroblazerÂ®,Racing,4.99,5,3,Eipix,2008-11-13
Flock!,Casual;Strategy,3.49,110,34,Proper Games,2009-04-07
Street FighterÂ® IV,Action,13.99,295,126,Capcom,2009-07-07
Bionic Commando,Action;Adventure,6.49,649,247,Capcom,2009-07-28
Bionic Commando: Rearmed,Action,6.49,453,287,Capcom,2009-07-28
Resident Evilâ„¢ 5/ Biohazard 5Â®,Action;Adventure,13.99,9250,1618,Capcom,2009-09-15
DriverÂ® Parallel Lines,Racing,8.59,367,46,Ubisoft Reflections,2009-02-13
Tom Clancy's EndWarâ„¢,Strategy,8.59,276,108,Ubisoft  ShanghaÃ¯,2009-02-25
Call of JuarezÂ®: Bound in Blood,Action,8.59,1121,232,Techland,2009-07-02
World of Goo,Indie,6.99,3455,237,2D BOY,2008-10-13
Mount & Blade,Indie;RPG,7.99,3205,291,TaleWorlds Entertainment,2008-11-03
Penumbra: Black Plague Gold Edition,Nudity;Gore;Action;Adventure;Indie,0.0,1396,79,Frictional Games,2009-01-23
Hearts of Iron 2 Complete,Strategy,9.99,220,48,Paradox Development Studio,2009-01-23
Penumbra Overture,Gore;Action;Adventure;Indie,0.0,1660,164,Frictional Games,2009-03-06
Zeno Clash,Action;Indie,6.99,1980,356,ACE Team,2009-04-21
Rock of Ages,Action;Indie;Racing;Strategy,6.99,2604,244,ACE Team,2011-09-07
Fallout 3,RPG,7.99,9921,2709,Bethesda Game Studios,2008-10-28
Rogue Warrior,Action,3.99,466,240,Rebellion,2009-12-01
The Elder Scrolls III: MorrowindÂ® Game of the Year Edition,RPG,12.99,9571,540,Bethesda Game Studios,2009-06-16
The Elder Scrolls IV: OblivionÂ® Game of the Year Edition,RPG,12.99,13827,826,Bethesda Game Studios,2009-06-16
BRINK,Action;Free to Play,0.0,3493,2331,Splash Damage,2011-05-09
Fallout 3: Game of the Year Edition,RPG,14.99,17742,4495,Bethesda Game Studios,2009-12-17
Fallout: New Vegas,Action;RPG,7.99,66756,3149,Obsidian Entertainment,2010-10-21
Hunted: The Demonâ€™s Forgeâ„¢,Action;Adventure,3.99,498,213,inXile Entertainment,2011-06-02
Spectromancer,Strategy,5.99,125,19,Apus Software;Three Donkeys LLC,2009-02-11
Worms Reloaded,Strategy,14.99,2478,430,Team17 Digital Ltd,2010-08-26
Alien Breed: Impact,Action,6.99,776,307,Team17 Software Ltd. ,2010-06-03
Alien Breed 2: Assault,Action,6.99,478,226,Team17 Digital Ltd,2010-09-22
Alien Breed 3: Descent,Action,6.99,242,90,Team17 Digital Ltd,2010-11-17
Fluttabyes,Casual;Indie,1.59,13,5,Red Chain Games Ltd.,2010-04-20
Yosumin!â„¢,Casual,3.99,102,64,Square Enix,2009-05-26
Gyromancer,RPG,3.99,124,113,"Square Enix;PopCap Games, Inc.",2009-11-18
Imperium Romanum Gold Edition,Simulation;Strategy,7.99,191,45,Haemimont Games,2008-11-25
Europa Universalis: Rome - Gold Edition ,Strategy,7.99,123,52,Paradox Development Studio,2008-12-18
Grand Ages: Rome,Simulation;Strategy,6.99,354,138,Haemimont Games,2009-03-05
Ceville,Action;Adventure;Strategy,4.79,83,19,Realmforge Studios,2009-02-27
Tropico 3,Simulation;Strategy,7.99,1338,176,Haemimont Games,2009-11-13
Puzzle Quest: Galactrix,Casual;RPG,6.99,120,136,Infinite Interactive,2009-02-24
Earth Defense Force: Insect Armageddon,Action,6.99,731,95,"Vicious Cycle Software, Inc.",2011-12-14
Depths of Peril,Indie;RPG;Strategy,6.99,69,24,Soldak Entertainment,2010-11-23
Puzzle Kingdoms,Casual,10.99,139,102,Infinite Interactive,2009-04-27
Train Simulator 2019,Simulation,34.99,8573,5336,Dovetail Games,2015-09-17
DC Universeâ„¢ Online,Action;Adventure;Free to Play;Massively Multiplayer;RPG,0.0,10138,2654,Daybreak Game Company,2011-11-02
PAYDAYâ„¢ The Heist,Action,10.99,34645,2533,OVERKILL Software,2011-10-20
King Arthur - The Role-playing Wargame,RPG;Strategy,7.99,307,113,NeocoreGames,2009-11-24
Crusaders: Thy Kingdom Come,Strategy,6.99,13,11,NeocoreGames,2009-10-08
Aquaria,Indie,6.99,1008,133,"Bit Blot, LLC",2008-12-15
King Arthur: Fallen Champions,RPG;Strategy,3.99,13,20,NeocoreGames,2011-09-16
King Arthur II: The Role-Playing Wargame,RPG;Strategy,7.99,188,169,NeocoreGames,2012-01-27
Trainz: Classic Cabon City,Simulation,14.99,14,29,N3V Games,2010-09-01
Trainz Settle and Carlisle,Simulation,14.99,13,17,N3V Games,2010-10-01
Trainzâ„¢ Simulator 12,Simulation,7.19,498,364,N3V Games,2011-06-08
SPOREâ„¢ Galactic Adventures,Action;Simulation,9.99,1943,453,EA - Maxis,2009-06-26
Burnout Paradise: The Ultimate Box,Racing,9.99,9739,1487,Criterion Games,2009-03-12
SimCityâ„¢ 4 Deluxe Edition,Simulation;Strategy,9.99,3110,959,EA - Maxis;Aspyr (Mac),2010-07-20
Command & Conquer 3: Tiberium Wars,Strategy,9.99,2292,295,EA Los Angeles,2009-11-13
Command & Conquer: Red Alert 3 - Uprising,Strategy,9.99,1449,362,EA Los Angeles,2009-10-06
Command & Conquer 3: Kane's Wrath,Strategy,9.99,1070,76,EA Los Angeles,2009-11-13
Medal of Honor: Airborne,Action,9.99,1725,461,EA Los Angeles,2009-10-06
Need for Speed: Shift,Racing,9.99,1101,415,Slightly Mad Studios,2009-10-06
Battlefield: Bad Companyâ„¢ 2,Action,14.99,23093,3877,DICE,2010-03-02
Mass Effect 2,RPG,19.99,10675,542,BioWare,2010-01-28
Overgrowth,Action;Indie,22.99,3200,1315,Wolfire Games,2017-10-16
Lugaru HD,Action,7.99,321,98,Wolfire Games,2010-10-08
Cricket Revolution,Indie;Simulation;Sports,1.99,63,50,Mindstorm Studios,2009-10-28
Eschalon: Book I,Indie;RPG,0.0,167,25,Basilisk Games,2009-02-10
Eschalon: Book II,Indie;RPG,4.79,58,12,Basilisk Games,2010-07-12
Madballs in Babo:Invasion ,Indie,3.99,198,38,Playbrains,2009-09-17
Europa Universalis III Complete,Strategy,9.99,1191,245,Paradox Development Studio,2009-02-04
Knights of Honor,Strategy,7.49,1018,89,Black Sea Studios Ltd,2009-02-04
Elven Legacy,RPG;Strategy,3.99,76,29,1C:InoCo,2009-04-07
Hearts of Iron III,Strategy,7.99,3298,992,Paradox Development Studio,2009-08-07
King's Bounty: The Legend,RPG;Strategy,4.99,1290,139,1C Entertainment,2009-05-01
Supreme Ruler 2020 Gold,Strategy,6.99,138,36,BattleGoat Studios,2009-07-09
East India Company,Strategy,7.99,45,48,Nitro Games,2009-07-31
Majesty 2,Simulation;Strategy,7.99,305,130,1C:InoCo,2009-09-17
Majesty Gold HD,Strategy;Simulation,7.99,326,20,Cyberlore,2009-09-04
The Maw,Action;Indie,8.99,161,36,Twisted Pixel Games,2009-03-09
Drug Wars,Action;Indie,3.99,13,31,Paleo Entertainment,2009-03-17
Braid,Casual;Indie;Strategy,10.99,6529,386,Number None,2009-04-10
Crayon Physics Deluxe,Casual;Indie,15.99,668,109,Kloonigames,2009-05-06
The Path,Adventure;Indie,6.99,502,177,Tale of Tales,2009-03-18
The Graveyard,Indie;Simulation,3.99,305,199,Tale of Tales,2009-03-09
Fatale,Adventure;Casual;Indie,4.99,53,44,Tale of Tales,2009-11-04
Summer Athletics,Sports,15.99,14,10,49 Games,2009-04-02
Blacklight: Tango Down,Action,0.79,132,209,Zombie Studios,2010-07-14
Dangerous High School Girls in Trouble!â„¢,RPG;Indie;Casual,14.99,111,63,Mousechief,2009-02-23
Mevo and The Grooveriders,Indie;Casual,5.99,23,2,Red Rocket Games,2009-03-20
Space Giraffe,Indie,6.99,36,17,Llamasoft LTD,2009-03-19
Gridrunner Revolution,Indie,5.99,36,9,Llamasoft LTD,2010-02-22
Twin Sector,Action;Adventure,3.99,88,150,DnS Development,2009-09-16
Booster Trooper,Action;Indie,1.69,91,94,DnS Development,2010-04-23
Dead Horde,Action;Indie,4.79,206,406,DnS Development,2011-07-27
Kane & Lynch 2: Dog Days,Action,7.99,2822,1919,IO Interactive,2010-08-17
Yumsters 2: Around the World,Indie;Casual,3.99,53,26,KranX Productions,2009-11-12
Musaic Box,Indie;Casual,3.99,178,12,KranX Productions,2009-03-19
Blueberry Garden,Adventure;Indie,3.99,96,28,Erik SvedÃ¤ng,2009-06-01
Osmos,Indie;Casual,6.99,857,105,Hemisphere Games,2009-08-18
Caster,Action;Adventure;Casual;Indie;RPG;Strategy,0.99,3277,868,Elecorn,2009-03-19
Dark Sector,Action,6.99,337,96,Digital Extremes,2009-03-24
Puzzle Agent,Adventure;Casual,3.99,1574,214,Telltale Games,2010-07-01
Tunnel Rats,Action,15.99,11,19,Replay Studios,2009-05-15
Nancy DrewÂ®: Danger by Design,Adventure,5.19,15,9,HeR Interactive,2009-10-10
Nancy DrewÂ®: Last Train to Blue Moon Canyon,Adventure,5.19,50,4,HeR Interactive,2009-10-10
Nancy DrewÂ®: The Haunted Carousel,Adventure,5.19,35,6,HeR Interactive,2009-10-10
Nancy DrewÂ®: Curse of Blackmoor Manor,Adventure,5.19,66,7,HeR Interactive,2009-10-10
Nancy DrewÂ®: Danger on Deception Island,Adventure,5.19,32,2,HeR Interactive,2009-10-10
Nancy DrewÂ®: Ghost Dogs of Moon Lake,Adventure,5.19,34,4,HeR Interactive,2009-10-10
Nancy DrewÂ®: Legend of the Crystal Skull,Adventure,5.19,24,3,HeR Interactive,2009-07-17
"Nancy DrewÂ® Dossier: Lights, Camera, Curses!",Adventure;Casual,5.19,10,12,HeR Interactive,2009-07-17
Nancy DrewÂ®: Secret of the Old Clock,Adventure,5.19,28,2,HeR Interactive,2009-10-10
Nancy DrewÂ®: Secret of the Scarlet Hand,Action,5.19,20,3,HeR Interactive,2009-10-10
Nancy DrewÂ®: The Creature of Kapu Cave,Adventure,5.19,19,7,HeR Interactive,2009-07-17
Nancy DrewÂ®: The Haunting of Castle Malloy,Adventure,5.19,26,6,HeR Interactive,2009-07-17
Nancy DrewÂ®: The Phantom of Venice,Adventure,5.19,19,6,HeR Interactive,2009-07-17
Nancy DrewÂ®: The White Wolf of Icicle Creek,Adventure,5.19,27,9,HeR Interactive,2009-07-17
Nancy DrewÂ®: Ransom of the Seven Ships,Adventure,5.19,18,9,HeR Interactive,2009-07-21
Raycatcher,Indie;Casual,3.99,0,13,Thinking Studios;Slam Dunk Studios,2009-04-17
LUXOR: Mah Jong,Casual,5.99,43,13,MumboJumbo,2009-07-13
Chainz 2: Relinked,Casual,6.99,24,18,MumboJumbo,2009-07-13
Midnight Mysteries,Adventure;Casual,5.99,89,40,MumboJumbo,2009-09-28
Everyday Genius: SquareLogic,Casual;Indie;Strategy,3.99,303,6,TrueThought,2009-10-21
Zombie Bowl-o-Rama,Sports;Casual,6.99,244,44,MumboJumbo,2009-10-15
Metal Drift,Action;Indie;Racing;Sports,6.99,81,45,Black Jacket Studios,2009-10-22
Indiana JonesÂ® and the Last Crusadeâ„¢,Adventure,4.79,121,32,LucasArts,2009-07-08
LEGOÂ® Indiana Jonesâ„¢: The Original Adventures,Action;Adventure,15.49,305,87,Traveller's Tales,2009-07-08
LOOMâ„¢,Adventure,4.79,306,41,LucasArts,2009-07-08
STAR WARSâ„¢ Starfighterâ„¢,Action;Simulation,4.79,221,235,LucasArts,2009-07-08
The Secret of Monkey Island: Special Edition,Adventure,7.19,2156,115,LucasArts,2009-07-15
STAR WARSâ„¢ - Knights of the Old Republicâ„¢,Adventure;RPG,7.19,11569,1590,BioWare;Aspyr (Mac),2009-09-05
STAR WARSâ„¢ Jedi Knight: Dark Forces II,Action,4.79,777,315,LucasArts,2009-09-16
STAR WARSâ„¢ Jedi Knight - Mysteries of the Sithâ„¢,Action,2.09,366,192,LucasArts,2009-09-16
STAR WARSâ„¢ - Dark Forces,Action,4.79,1501,171,LucasArts,2009-09-16
Lucidityâ„¢,Casual,4.79,37,16,LucasArts,2009-10-07
STAR WARSâ„¢: The Clone Wars - Republic Heroesâ„¢,Action,15.49,166,279,Krome Studios,2009-10-06
STAR WARSâ„¢ - The Force Unleashedâ„¢ Ultimate Sith Edition,Action,15.49,2287,1389,LucasArts;Aspyr Studios,2009-12-15
LEGOÂ® Star Warsâ„¢ - The Complete Saga,Adventure,15.49,3033,256,Traveller's Tales;Feral Interactive (Mac),2009-11-12
LEGOÂ® Indiana Jonesâ„¢ 2: The Adventure Continues,Adventure,15.49,163,58,Traveller's Tales,2010-02-18
Monkey Islandâ„¢ 2 Special Edition: LeChuckâ€™s Revengeâ„¢,Adventure,7.19,1194,63,LucasArts,2010-07-07
STAR WARSâ„¢ Empire at War - Gold Pack,Strategy,15.49,6526,396,Petroglyph,2010-05-25
STAR WARSâ„¢: The Force Unleashedâ„¢ II,Action,15.49,1880,1348,Aspyr Studios,2010-11-23
LEGOÂ® Star Warsâ„¢ III - The Clone Warsâ„¢,Action;Adventure,15.49,825,140,Traveller's Tales,2011-03-22
Delta Force Xtreme 2,Action,14.99,50,36,NovaLogic,2009-06-18
Delta Force,Action,3.99,220,24,NovaLogic,2009-06-18
Delta Force 2,Action,3.99,166,26,NovaLogic,2009-06-18
Delta Force Land Warrior,Action,6.99,121,11,NovaLogic,2009-06-18
Delta Force: Task Force Dagger,Action,6.99,58,14,NovaLogic,2009-06-18
Delta Force: Xtreme,Action,14.99,41,14,NovaLogic,2009-06-18
Delta Force: Black Hawk Down,Action,0.0,258,23,NovaLogic,2009-06-18
Delta Force â€” Black Hawk Down: Team Sabre,Action,0.0,167,17,Ritual Entertainment,2009-06-18
Armored Fist 3,Simulation,6.99,27,8,NovaLogic,2009-06-18
F-16 Multirole Fighter,Simulation,6.99,36,13,NovaLogic,2009-06-18
F-22 Lightning 3,Simulation,6.99,47,27,NovaLogic,2009-06-18
MiG-29 Fulcrum,Simulation,6.99,33,8,NovaLogic,2009-06-01
Comanche 4,Action;Simulation,6.99,93,16,NovaLogic,2009-06-18
Tachyon: The Fringe,Simulation,6.99,102,15,NovaLogic,2009-06-18
Joint Operations: Combined Arms Gold,Action,14.99,121,17,NovaLogic,2009-09-29
Restaurant Empire II,Casual;Indie;Simulation;Strategy,13.99,112,65,Enlight Software Limited,2009-05-27
Alien Shooter,Action;Indie;RPG,3.99,815,92,Sigma Team Inc.,2009-05-27
Alien Shooter: Revisited,Action;Indie;RPG,3.99,150,79,Sigma Team Inc.,2009-05-27
Alien Shooter 2: Reloaded,Action;Indie;RPG,3.99,995,84,Sigma Team Inc.,2009-05-27
Zombie Shooter,Action;Indie;RPG,3.99,410,73,Sigma Team Inc.,2009-05-27
Zombie Shooter 2,Action;Indie;RPG,7.19,291,85,Sigma Team Inc.,2009-11-18
Assassin's Creed 2 Deluxe Edition,Action;Adventure,8.59,14861,2639,Ubisoft Montreal,2010-03-04
Prince of Persia: The Forgotten Sandsâ„¢,Action;Adventure,8.59,511,263,Ubisoft Montreal,2010-06-10
ZeitÂ²,Action;Indie,8.59,26,7,Brightside Games,2011-01-12
From Dust,Adventure;Simulation,8.59,1356,750,Ubisoft Montpellier,2011-08-17
Tropico Reloaded,Simulation;Strategy,5.99,412,60,PopTop Software;BreakAway Games;Frog City Software,2009-07-24
Patrician III,RPG;Simulation;Strategy,3.99,289,86,Ascaron Entertainment ltd.,2010-11-18
Broken Sword 2 - the Smoking Mirror: Remastered,Adventure,4.99,432,51,Revolution Software Ltd,2009-12-02
Broken Sword 3 - the Sleeping Dragon,Adventure,4.99,181,167,Revolution Software Ltd,2009-12-02
Crash Time 3,Action;Racing,3.99,228,64,Synetic,2009-11-25
Puzzler World,Casual,4.99,299,37,Ideas Pad,2010-05-28
Ziro,Casual;Indie,4.99,21,7,Kokakiki,2010-05-28
Disciples III - Renaissance Steam Special Edition,Strategy;RPG,9.99,166,134,Akella;.dat,2010-07-13
eversion,Indie,3.99,955,92,Zaratustra Productions,2010-06-07
The Search for Amelia Earhart,Casual,4.99,1,4,Bamtang,2010-02-22
Drakensang: The River of Time,RPG,14.99,154,37,DTP,2011-02-16
Elizabeth Find M.D. - Diagnosis Mystery - Season 2,Casual,14.99,16,13,"Gunnar Games, Inc.",2011-06-09
Arma 2,Action;Simulation;Strategy,7.99,1728,357,Bohemia Interactive,2009-06-29
Arma 2: Operation Arrowhead,Action;Simulation;Strategy,11.99,17683,1519,Bohemia Interactive,2010-06-29
Fish Fillets 2,Casual;Indie,3.99,151,56,Altar Games,2010-11-05
Pound of Ground,Action,8.99,78,49,Centauri Production,2010-11-05
Alternativa,Adventure,9.99,83,86,Centauri Production,2010-11-05
Alpha Protocolâ„¢,Action;RPG,9.99,3113,785,Obsidian Entertainment,2010-05-27
Total War: NAPOLEON â€“ Definitive Edition,Strategy,0.0,8540,907,CREATIVE ASSEMBLY;Feral Interactive (Mac),2010-02-25
Sonic & SEGA All-Stars Racing,Racing,4.99,614,173,Sumo Digital,2010-03-03
Death to Spies: Moment of Truth,Action,4.99,260,42,Haggard Games,2009-08-07
XIII Century â€“ Gold Edition,Strategy,3.99,55,57,Unicorn Games Studio,2009-08-28
Light of Altair,Indie;Simulation;Strategy,11.99,31,7,SaintXi,2009-06-04
Order of Warâ„¢,Strategy,5.99,270,98,Wargaming.net,2009-09-17
Massive Assault,Strategy,6.99,6,2,Wargaming.net,2009-11-04
Massive Assault: Phantom Renaissance,Strategy,6.99,11,2,Wargaming.net,2009-11-04
Chronicles of Mystery: The Scorpio Ritual,Adventure,3.99,46,23,City Interactive S.A.,2009-06-18
Project Freedom,Action;Simulation,2.99,80,26,City Interactive,2009-10-14
Combat Wings: Battle of Britain,Simulation,4.99,373,101,City Interactive,2009-10-14
Sniper: Ghost Warrior,Action,5.99,2143,1728,City Interactive,2010-06-24
Sniper: Ghost Warrior 2,Action,6.99,6775,2724,City Interactive,2013-03-11
Bad Rats: the Rats' Revenge,Indie,0.79,10465,2981,Invent4 Entertainment,2009-07-20
Razor2: Hidden Skies,Action;Casual;Indie,6.99,49,154,Invent4 Entertainment,2010-07-19
Mini Ninjas,Action;Adventure,7.99,1612,270,IO Interactive,2009-09-14
Flora's Fruit Farm,Casual,2.99,58,28,Honeyslug,2009-10-01
Lara Croft and the Guardian of Light,Action;Adventure,7.99,2506,237,Crystal Dynamics,2010-09-28
Batman: Arkham Asylum Game of the Year Edition,Action;Adventure,14.99,20297,865,Rocksteady Studios;Feral Interactive (Mac),2010-03-26
Warfare,Strategy,9.99,73,26,GFI Russia,2009-07-20
Clutch,Action;Racing,6.99,90,44,Targem Games,2009-07-20
Insane 2,Racing,10.99,329,67,Targem Games,2012-01-24
Red Orchestra 2: Heroes of Stalingrad with Rising Storm,Action;Massively Multiplayer;Simulation,14.99,26922,2274,Tripwire Interactive,2011-09-13
The Ball,Action;Adventure;Indie,6.99,606,210,Teotl Studios,2010-10-26
Dwarfs!?,Strategy;Indie;Casual,7.99,619,177,Power of 2,2011-05-04
Big Brain Wolf,Adventure;Casual;Strategy,3.99,44,37,Frima,2009-11-05
Trine Enchanted Edition,Action;Adventure;Indie,9.99,9448,407,Frozenbyte,2009-07-02
Trine 2: Complete Story,Action;Adventure;Indie,13.99,16369,706,Frozenbyte,2013-06-06
BRAINPIPE: A Plunge to Unhumanity,Casual;Indie,0.0,126,22,Digital Eel,2009-07-06
Foreign Legion: Buckets of Blood,Action;Indie,3.99,184,111,Sakari Indie,2009-08-04
Tradewinds Classics,Casual,3.99,43,2,Sandlot Games,2009-07-17
Tradewinds Caravans + Odyssey Pack,Casual,10.99,4,1,Sandlot Games,2009-07-17
Cake Mania Collection,Casual,10.99,28,11,Sandlot Games,2009-07-17
Monster Mash,Casual,3.49,11,3,Sandlot Games,2009-07-17
Kuros,Casual,4.99,7,0,Sandlot Games,2009-09-21
Cake Mania Main Streetâ„¢,Casual,4.99,13,5,Sandlot Games,2010-02-16
WestwardÂ® IV: All Aboard,Strategy;Casual,4.99,11,1,Sandlot Games,2010-02-16
Iron Roses,Adventure;Casual,4.99,4,3,Cateia Games,2010-02-16
Angle of Attack,Action;Simulation,6.99,0,2,3000AD,2009-08-17
All Aspect Warfare,Action;Simulation,6.99,3,8,3000AD,2009-08-17
The Void,Nudity;Action;Adventure,6.99,581,126,Ice-Pick Lodge,2009-12-15
Ninja Blade,Action,6.99,128,72,FromSoftware,2009-11-19
UFO: Extraterrestrials Gold,Strategy,9.99,122,43,Chaos Concept,2010-02-17
Aztaka,Action;RPG;Indie,3.99,94,39,Citeremis Inc.,2009-11-05
ChocolatierÂ®: Decadence by Designâ„¢,Simulation,7.49,51,23,"Big Splash Games, LLC",2009-08-12
Cooking DashÂ®,Simulation,7.49,27,9,Aliasworlds Entertainment,2009-08-12
Diaper DashÂ®,Simulation,7.49,13,2,Zemnott,2009-08-12
Diner Dash:Â® Hometown Heroâ„¢,Simulation,7.49,26,66,PlayFirst,2009-08-12
Emerald City Confidentialâ„¢,Adventure,7.49,50,3,Wadjet Eye Games,2009-08-12
Wandering Willowsâ„¢,Adventure;RPG,10.99,20,0,PlayFirst,2009-08-12
Wedding DashÂ® 2: Rings Around the World,Simulation,7.49,13,3,Sarbakan,2009-08-12
DinerTown Tycoon,Simulation,6.99,8,5,PlayFirst,2009-09-30
DinerTown Detective Agencyâ„¢,Casual,4.99,4,10,Absolutist Ltd.,2010-05-06
The Nightshift Codeâ„¢,Casual,4.99,2,3,PlayFirst,2010-05-06
Nightshift Legacy: The Jaguar's Eyeâ„¢,Casual,4.99,3,1,PlayFirst,2010-05-06
Fitness Dashâ„¢,Casual,4.99,8,0,Sarbakan,2010-05-06
TriJinx: A Kristine Kross Mysteryâ„¢,Casual,4.99,3,1,PlayFirst,2010-05-06
Valerie Porter and the Scarlet Scandalâ„¢,Casual,4.99,5,6,PlayFirst,2010-05-06
Gemini Lostâ„¢,Casual,4.99,12,1,PlayFirst,2010-05-06
"Time Gentlemen, Please! and Ben There, Dan That! Special Edition  Double Pack",Adventure;Indie,2.99,494,118,Size Five Games,2009-08-25
Magnetis ,Indie;Casual,1.49,33,9,Yullaby,2009-11-05
Windosill,Adventure;Casual;Indie,1.99,821,85,Vectorpark,2009-09-25
Darkest of Days,Action,14.99,158,63,8monkey Labs,2010-03-01
Quantz,Indie;Casual,7.99,24,13,Gamerizon,2009-09-03
Jewel Quest Pack,Casual,14.99,19,3,iWin,2009-08-24
Mahjong Quest Collection,Casual,6.99,20,2,iWin,2009-08-24
Coconut Queen,Casual;Simulation,6.99,11,1,iWin,2009-12-17
Build-A-Lot,Simulation,6.99,11,2,Hip Soft,2009-12-17
Build-A-Lot 2: Town of the Year,Simulation,6.99,3,0,Hip Soft,2009-12-17
Build-A-Lot 3: Passport to Europe,Simulation,6.99,2,0,Hip Soft,2009-12-17
Build-A-Lot 4: Power Source,Simulation,6.99,4,3,Hip Soft,2009-12-17
Farm Frenzy,Casual,3.99,19,2,Alawar,2010-02-15
Farm Frenzy 2,Casual,3.99,17,2,Alawar,2010-02-15
Farm Frenzy: Pizza Party,Casual,3.99,16,1,Alawar,2010-02-15
Farm Frenzy 3,Casual,6.99,7,1,Alawar,2010-02-15
Farm Frenzy 3: American Pie,Casual,6.99,2,0,Alawar,2010-02-15
Cradle of Rome,Casual,6.99,16,2,Awem Studio,2010-02-20
Cradle of Persia,Casual,6.99,6,0,Awem Studio,2010-02-20
Romance of Rome,Casual,6.99,4,5,Awem Studio,2010-02-20
Roogoo,Casual,0.79,273,66,Spidermonk Entertainment,2009-12-17
Hotel Giant 2,Simulation,5.59,66,95,"Enlight Software Limited, PerspectX",2010-01-27
Fallout: A Post Nuclear Role Playing Game,RPG,7.99,6983,643,Interplay Inc.,2015-11-01
Fallout 2: A Post Nuclear Role Playing Game,RPG,7.99,4758,321,Black Isle Studios,2009-08-19
Fallout Tactics: Brotherhood of Steel,Strategy,7.99,847,210,14Â° East,2009-08-19
Kingpin â€” Life of Crime,Action,6.99,163,42,Xatrix Entertainment,2009-08-19
MDK,Action,6.99,138,45,Shiny Entertainment,2009-09-17
MDK 2,Action,6.99,95,19,BioWare Corporation,2009-09-17
Earthworm Jim 2,Action;Adventure,14.99,47,16,Shiny Entertainment,2009-11-04
Faerie Solitaire,Casual;Indie,6.99,2147,207,Subsoap,2010-09-17
Toki Tori,Casual;Indie,3.99,1660,226,Two Tribes,2010-01-28
RUSH,Casual;Indie;Strategy,3.99,1069,117,Two Tribes,2010-12-03
EDGE,Action;Indie,4.99,1714,148,Two Tribes,2011-08-11
Moonbase Alpha,Adventure;Simulation;Strategy,0.0,9867,1166,Virtual Heroes;Army Game Studio,2010-07-06
SEASON OF MYSTERY: The Cherry Blossom Murders,Casual,2.99,156,44,SQUARE ENIX,2010-02-03
RIFT,Free to Play;Massively Multiplayer;RPG,0.0,6885,2326,Trion Worlds,2011-03-01
FINAL FANTASY VII,RPG,9.99,11722,878,Square Enix,2013-07-04
FINAL FANTASY VIII,RPG,9.99,5323,682,Square Enix,2013-12-05
Dungeon Siege,RPG,4.99,1179,397,Gas Powered Games,2011-04-05
Dungeon Siege II,RPG,4.99,813,343,Gas Powered Games,2005-08-16
FINAL FANTASY XIV Online,Massively Multiplayer;RPG,9.99,9808,2107,Square Enix,2014-02-18
GothicÂ® 3,Action;RPG,8.99,2962,728,Piranha Bytes,2009-12-02
Gothic II: Gold Edition,Action;RPG,8.99,3809,475,Piranha Bytes,2010-01-13
The Guild Gold Edition,Simulation;Strategy,8.99,175,75,4HEAD Studios,2014-09-09
SpellForce - Platinum Edition,Action;RPG,8.99,694,149,Phenomic,2009-11-03
Painkiller: Resurrection,Action,8.99,90,181,Homegrown Games,2009-10-27
AquaNox,Action,4.49,151,57,THQ Nordic,2010-04-20
AquaNox 2: Revelation,Action,4.49,106,35,THQ Nordic,2010-04-20
The Guild II,Simulation;Strategy,8.99,385,196,4 Head Studios,2010-06-24
The Guild II - Pirates of the European Seas,Simulation;Strategy,8.99,109,49,4 Head Studios,2010-06-24
Chaser,Action,4.49,611,226,Cauldron,2010-07-16
The Guild II Renaissance,Simulation;Strategy,8.99,1944,482,Rune Forge,2010-07-28
ArcaniA,RPG,17.99,735,763,Spellbound Studios,2010-10-11
Nation Red,Action;Indie,1.79,2093,272,DiezelPower,2009-09-03
Coniclysm,Action,3.99,14,15,ZoopTEK,2010-03-26
Supreme Commander 2,Strategy,8.99,5336,903,Gas Powered Games,2010-03-01
ItzaBitza,Casual,6.99,6,2,Sabi Games,2009-10-01
ItzaZoo,Casual,6.99,10,0,Sabi Games,2009-12-09
Risen,RPG,7.99,3848,585,Piranha Bytes,2009-10-02
Rush for Berlin Gold,Strategy,3.99,88,13,Stormregion,2009-10-29
Secret Files: Tunguska,Adventure,7.99,135,32,Animation Arts,2009-10-29
Secret Files 2: Puritas Cordis,Adventure,7.99,60,17,Animation Arts,2009-10-29
Lost Horizon,Adventure,7.99,211,26,Animation Arts,2010-09-24
nail'd,Racing,3.99,859,217,Techland,2010-11-30
Risen 2: Dark Waters,RPG,7.99,2987,891,Piranha Bytes,2012-04-26
AI War: Fleet Command,Indie;Strategy,6.99,1109,205,"Arcen Games, LLC",2009-10-21
Tidalis,Casual;Indie,3.99,130,66,"Arcen Games, LLC",2010-07-16
Sacraboar,Action;Strategy;Indie,2.09,14,42,Makivision Games,2009-11-06
Machinarium,Adventure;Indie,7.99,5437,264,Amanita Design,2009-10-16
Samorost 2,Adventure;Casual;Indie,3.99,716,149,Amanita Design,2009-12-10
The Misadventures of P.B. Winterbottom,Adventure;Indie,3.99,323,42,The Odd Gentlemen,2010-04-20
Stronghold HD,Simulation;Strategy,3.49,2992,199,FireFly Studios,2013-10-21
Stronghold Crusader HD,Simulation;Strategy,7.49,4079,170,FireFly Studios,2013-10-21
Stronghold Legends: Steam Edition,Simulation;Strategy,11.99,404,123,FireFly Studios,2016-09-15
Mafia,Violent;Action;Adventure,7.99,1727,180,Illusion Softworks,2002-08-28
Serious Sam HD: The First Encounter,Action;Indie,10.99,3950,269,Croteam,2009-11-24
Serious Sam 3: BFE,Action;Indie,29.99,15574,1977,Croteam,2011-11-22
Hammerfight,Action;Indie,3.99,1051,514,Konstantin Koshutin,2009-10-28
Altitude,Action;Free to Play;Indie,0.0,1540,128,Nimbly Games,2009-12-04
Doom Rails,Action;Indie,1.99,8,20,"Dream Forge Entertainment, LLC",2009-11-04
Torchlight,RPG,10.99,3825,317,Runic Games,2009-10-27
Earthworm Jim 3D,Action;Adventure,14.99,34,36,VIS Interactive,2009-11-04
Tommy Tronic,Action;Adventure;Indie,6.99,7,7,Oasis Games,2010-10-28
Death and the Fly,Indie,6.99,3,9,Independent Programmist Group,2011-05-23
S.T.A.L.K.E.R.: Call of Pripyat,Action;RPG,12.99,10172,470,GSC Game World,2010-02-11
Cargo! The Quest for Gravity,Action;Adventure;Simulation,6.99,260,72,Ice-Pick Lodge,2011-04-21
Gratuitous Space Battles,Indie;Simulation;Strategy,10.99,505,168,Positech Games,2009-11-16
The Bard's Tale,Action;Adventure;RPG,6.99,644,188,inXile Entertainment,2009-12-11
Trino,Casual;Indie,3.49,9,5,Trinoteam,2011-01-27
Lead and Gold: Gangs of the Wild West,Action,7.99,1471,545,Fatshark,2010-04-08
Hamilton's Great Adventure,Adventure;Casual;Indie,6.99,169,83,Fatshark,2011-05-31
Krater,Action;Adventure;Indie;RPG;Strategy,10.99,429,329,Fatshark,2012-06-12
Nancy DrewÂ®: Secrets Can Kill REMASTERED,Adventure,5.19,48,23,HeR Interactive,2011-07-25
Nancy DrewÂ®: The Captive Curse,Adventure,5.19,48,8,HeR Interactive,2011-07-25
Nancy DrewÂ®: Trail of the Twister,Adventure,4.99,22,8,HeR Interactive,2011-07-25
DogFighter,Action;Indie,1.99,232,152,Dark Water Studios Ltd,2010-06-14
Singularityâ„¢,Action,14.99,2766,227,Raven Software,2010-06-30
Call of DutyÂ®: Black Ops,Action,29.99,14201,1839,Treyarch,2010-11-08
For The Glory: A Europa Universalis Game,Strategy,7.99,59,25,Crystal Empire Games,2009-11-11
Arsenal of Democracy: A Hearts of Iron Game,Strategy,7.99,180,31,BL-Logic,2010-02-23
Sword of the Stars: Complete Collection,Strategy,7.99,355,46,Kerberos Productions Inc.,2010-06-04
Magicka,Action;RPG,7.99,20912,1964,Arrowhead Game Studios,2011-01-25
The Kings' Crusade,Strategy,7.99,41,72,NeoCoreGames,2010-10-08
Elven Legacy: Magic,Strategy,1.59,8,3,1C:InoCo,2009-12-03
Elven Legacy: Siege,Strategy,1.59,4,3,1C:InoCo,2009-11-17
Elven Legacy: Ranger,Strategy,1.59,9,2,1C:InoCo,2009-10-20
Victoria II,Strategy,14.99,4743,632,Paradox Development Studio,2010-08-30
Victoria I Complete,Strategy,7.99,88,41,Paradox Development Studio,2010-08-20
Sword of the Stars II: Enhanced Edition,Strategy,14.99,335,448,Kerberos Productions,2012-11-30
Front Mission Evolved,Action,7.99,481,310,Double Helix Games,2010-10-07
World of Zoo,Simulation,4.99,115,30,Blue Fang,2009-10-30
The Haunted: Hells Reach,Action;Indie,5.99,507,81,KTX Software,2011-10-24
M.U.D. TV,Simulation;Strategy,7.99,70,85,Realmforge Studios,2010-04-19
Nancy DrewÂ®: Warnings at Waverly Academy,Adventure,5.19,46,5,HeR Interactive,2010-01-13
Super Laser  Racer,Action;Indie;Racing,2.99,73,11,New Star Games Ltd,2010-02-18
GRID 2,Racing;Sports,19.98,11953,3009,Codemasters Racing;Feral Interactive (Mac),2013-05-27
F1 2011,Racing;Simulation;Sports,9.99,232,108,Codemasters Birmingham,2011-09-19
GTR - FIA GT Racing Game,Racing;Sports,3.99,43,28,SimBin Studios AB,2012-09-25
RACE Injection,Racing,8.99,11,1,SimBin Studios AB,2011-11-18
GT Legends,Racing;Simulation;Sports,4.99,201,24,SimBin Studios AB,2012-11-28
Sol Survivor,Indie;Strategy,7.19,293,30,Cadenza Interactive,2010-03-15
Secret of the Magic Crystals,Casual;Indie,3.99,1342,265,Artery Games,2010-02-03
Wings of Prey,Simulation,6.99,314,148,Gaijin Entertainment,2010-01-08
Fortix,Indie,0.99,802,69,Nemesys Games,2010-04-14
Ignite,Racing,6.99,154,115,Nemesys Games,2011-10-28
Land It!,Casual;Indie;Simulation,6.99,10,1,Nemesys Games,2016-08-01
Fortix 2,Casual;Indie,1.59,462,45,Nemesys Games,2011-05-06
Devil May Cry 4,Action;Adventure,15.99,1620,144,Capcom,2009-12-22
Dark Voidâ„¢,Action;Adventure,6.49,218,230,Airtight Games,2010-01-22
Lost Planet: Extreme Condition Colonies Edition,Action;Adventure,12.99,134,95,"CAPCOM CO., LTD.",2010-02-11
Dark Voidâ„¢ Zero,Action;Adventure,2.99,130,139,Other Ocean Interactive,2010-04-12
Dead RisingÂ® 2,Action;Adventure,14.99,2713,934,Capcom Vancouver,2010-09-27
Lost PlanetÂ® 2,Action;Adventure,12.99,998,504,"CAPCOM CO., LTD.",2010-10-15
Ultra Street FighterÂ® IV,Action,22.99,8247,1141,Capcom,2014-08-07
Dead Rising 2: Off the Record,Action;Adventure,14.99,1387,376,Capcom Vancouver,2011-10-11
Bob Came in Pieces,Adventure;Indie,3.99,68,29,Ludosity,2010-01-22
A.I.M. Racing,Action;Racing,0.0,54,21,SkyRiver Studios,2010-01-22
NecroVisioN: Lost Company,Action,4.99,169,71,The Farm 51,2010-02-19
Star Wolves 3: Civil War,RPG;Strategy,3.99,312,89,Elite Games Team,2010-03-02
Star Wolves,RPG;Strategy,2.79,182,42,X-Bow Software,2010-03-02
Star Wolves 2,RPG;Strategy,2.79,42,52,X-Bow Software,2010-03-02
Theatre of War,Strategy,2.79,116,86,1C Entertainment,2010-07-09
Theatre of War 2: Africa 1943,Simulation;Strategy,3.99,86,50,1C Entertainment,2010-07-09
Real Warfare 1242,Strategy,2.79,31,30,Unicorn Games Studio,2011-11-30
Theatre of War 2: Kursk 1943,Simulation;Strategy,3.99,81,42,1C Entertainment,2010-07-09
Rig n Roll,Simulation,3.99,165,175,SoftLab-NSK,2010-07-09
Reign: Conflict of Nations,Strategy,2.79,36,44,Lesta Studio,2010-07-12
Greed: Black Border,Action;RPG,3.99,106,153,Headup Games;Clockstone,2010-01-13
Avencast: Rise of the Mage,Action;Indie;RPG,6.99,348,175,ClockStone Studios,2010-03-17
Future Wars,Strategy,3.99,84,204,Radon Labs,2010-07-15
Grotesque Tactics: Evil Heroes,Indie;RPG;Strategy,6.99,217,140,Silent Dreams,2010-10-15
Still Life,Adventure,5.59,431,98,Microids,2011-06-01
Still Life 2,Adventure,5.59,123,155,Microids,2011-06-01
Syberia,Adventure;Casual,9.99,2092,260,Microids,2011-05-19
Syberia II,Adventure,9.99,862,156,Microids,2011-05-19
Wasteland Angel,Action;Indie,6.99,167,119,Octane Games;Meridian4,2011-09-01
Trapped Dead,Action;Strategy,3.99,258,410,Headup Games / Crenetic,2011-07-15
Post Mortem,Adventure,5.59,97,87,MC2,2011-08-26
Grotesque Tactics 2 â€“ Dungeons and Donuts,Adventure;Indie;RPG;Strategy,6.99,103,87,Silent Dreams,2011-11-21
Swarm Arena,Action;Casual;Indie,2.89,40,12,Dedication Games,2010-08-19
Ironclads: American Civil War,Strategy,34.95,9,30,Totem Games,2010-04-28
Ironclads: High Seas,Strategy,34.95,15,21,Totem Games,2010-04-28
Dimensity,RPG,6.99,3,12,Dagger Games,2010-07-21
Hazen: The Dark Whispers,RPG,7.99,10,29,Dagger Games,2010-04-28
World Basketball Manager 2010,Simulation,2.09,40,88,Icehole Games,2010-04-21
Dark Fall: Lost Souls,Adventure;Indie,9.99,109,63,Darkling Room,2010-04-21
Ironclads: Schleswig War 1864,Strategy,34.95,6,13,Totem Games,2011-06-21
Making History II: The War of the World,Indie;Simulation;Strategy,10.99,195,57,Muzzy Lane Software,2010-08-27
Armada 2526,Strategy,10.99,14,12,Ntronium Games,2011-04-08
Ironclads: Anglo Russian War 1866,Strategy,34.95,9,17,Totem games,2011-06-21
Ironclads: Chincha Islands War 1866,Strategy,34.95,3,12,Totem Games,2011-06-21
Zombie Pirates,Casual,10.99,29,17,Dust Devil Studios Inc.,2011-04-20
Escape From Paradise ,Action,6.99,2,3,Gogii,2010-07-08
Escape From Paradise 2,Action,6.99,2,0,Gogiii,2010-07-08
Book of Legends,Adventure,6.99,5,2,Gogii,2010-07-08
Stronghold 3 Gold,Simulation;Strategy,0.0,971,2385,FireFly Studios,2012-05-25
Stronghold Kingdoms,Free to Play;Massively Multiplayer;Strategy,0.0,4886,2609,FireFly Studios,2012-02-27
Command & Conquer 4: Tiberian Twilight,Strategy,9.99,378,1712,EA Los Angeles,2010-03-18
Dragon Ageâ„¢: Origins Awakening,RPG,9.99,92,7,BioWare,2010-03-18
Dead Spaceâ„¢ 2,Action,14.99,8943,493,Visceral Games,2011-01-27
Medal of Honorâ„¢,Action,14.99,3209,1370,Electronic Arts,2010-10-12
RISKâ„¢: Factions,Strategy,7.99,405,214,Stainless Games,2011-03-08
Dragon Age: Origins - Ultimate Edition,RPG,19.99,8808,726,BioWare,2010-10-29
Need For Speed: Hot Pursuit,Racing,14.99,11405,2775,Criterion Games,2010-12-14
The Simsâ„¢ 3,Simulation,24.99,11679,2493,The Sims Studio,2011-01-27
Shift 2 Unleashed,Racing,19.99,1071,629,Slightly Mad Studios,2011-03-31
LIMBO,Adventure;Indie,6.99,30321,1994,Playdead,2011-08-02
Silent Hunter 5Â®: Battle of the Atlantic,Simulation,25.99,516,752,Ubisoft Romania,2010-03-01
Voodoo Dice,Casual,8.59,4,1,Exkee,2010-07-15
Assassinâ€™s CreedÂ® Brotherhood,Action;Adventure,12.49,6676,929,Ubisoft Montreal,2011-03-17
Anno 2070â„¢,Strategy,16.99,5653,3686,Blue Byte;Related Designs,2011-11-17
Mount & Blade: Warband,Action;RPG,14.99,75872,2213,TaleWorlds Entertainment,2010-03-31
Mount & Blade: With Fire & Sword,Action;RPG,7.99,6236,1055,TaleWorlds Entertainment,2011-05-03
Ship Simulator Extremes,Simulation,14.99,676,794,VStep,2010-08-27
Greed Corp,Strategy,6.99,399,68,Vanguard Games,2010-12-10
Hotel Dashâ„¢ Suite Successâ„¢,Casual,4.99,24,6,PlayFirst,2010-05-06
Commander: Conquest of the Americas,Strategy,7.99,60,74,Nitro Games,2010-07-30
Woody Two-Legs: Attack of the Zombie Pirates,Casual,3.99,32,24,Nitro Games,2010-11-02
Magic: The Gathering - Duels of the Planeswalkers 2012,Strategy,0.0,705,95,Stainless Games Ltd,2011-06-15
Borderlands 2,Action;RPG,19.99,144595,11021,Gearbox Software;Aspyr (Mac);Aspyr (Linux),2012-09-20
Beat Hazard,Action;Casual;Indie,6.99,6296,328,Cold Beam Games,2010-04-15
Flight of the Icarus,Action;Indie,3.99,95,148,Muse Games,2010-05-12
CreaVures,Indie,3.99,117,25,Muse Games,2011-02-23
Plain Sight,Action;Indie,3.99,177,83,Beatnik Games,2010-04-05
Nimbus,Indie;Racing,5.99,179,10,Noumenon Games,2010-10-25
Mafia II,Action,19.99,31445,1855,2K Czech;Feral Interactive (Mac),2011-03-22
Spec Ops: The Line,Action;Adventure,19.99,32361,2613,YAGER,2012-06-28
Burn Zombie Burn!,Action,6.99,65,93,doublesix,2010-08-12
Professor Fizzwizzle and the Molten Mystery,Casual,4.99,12,0,Big Fish Games,2010-04-21
Hidden Expedition: Amazon,Casual;Indie,6.99,8,4,Big Fish Games,2010-04-21
Hidden Expedition: Everest,Casual,6.99,2,3,Big Fish Games,2010-04-21
Hidden Expedition: Titanic,Casual,6.99,5,1,Big Fish Games,2010-04-21
Mystery Case Files: Huntsvilleâ„¢,Casual,6.99,17,3,Big Fish Games,2010-04-21
Mystery Case Files: Madame FateÂ®,Casual,4.99,15,6,Big Fish Games,2007-12-14
Mystery Case Files: Prime Suspectsâ„¢,Casual,4.99,9,3,Big Fish Games,2010-04-21
Mystery Case Files: RavenhearstÂ®,Casual,6.99,24,1,Big Fish Games,2010-04-21
Mystery Case Files: Return to Ravenhearstâ„¢,Casual,6.99,16,8,Big Fish Games,2010-04-21
My Tribe,Casual;Simulation,6.99,33,15,Big Fish Games,2010-04-21
Unwell Mel,Casual,4.99,5,1,Big Fish Games,2010-04-21
Atlantis Sky Patrol,Casual;Indie,6.99,6,1,Big Fish Games,2010-04-21
DrawnÂ®: The Painted Tower,Adventure;Casual,6.99,87,13,Big Fish Studios,2011-01-19
Flotilla,Adventure;Indie;Strategy,6.99,166,25,Blendo Games,2010-04-01
Atom Zombie Smasher,Indie;Strategy,6.99,1397,180,Blendo Games,2011-03-14
Homefront,Action,14.99,5506,3685,Kaos Studios;Digital Extremes,2011-03-14
Red FactionÂ®: Armageddonâ„¢,Action,14.99,2674,1005,Volition,2011-06-09
MX vs. ATV Reflex,Racing,14.99,1599,359,Double Helix Games;Rainbow Studios;THQ Nordic,2010-11-26
"Warhammer 40,000: Space Marine",Action,19.99,9847,998,Relic,2011-09-08
Saints Row: The Third,Action,6.99,44810,1877,Volition,2011-11-17
NyxQuest: Kindred Spirits,Action;Adventure,1.99,87,9,Over the Top Games,2010-09-27
Puzzle Dimension,Casual;Indie,1.99,412,41,Doctor Entertainment AB,2010-06-21
Amnesia: The Dark Descent,Action;Adventure;Indie,14.99,20222,1199,Frictional Games,2010-09-08
Patrician IV - Steam Special Edition,Strategy,9.99,153,129,Gaming Minds Studios,2010-09-17
Broken Sword: Director's Cut,Adventure,4.99,1131,108,Revolution Software Ltd,2010-09-02
Dungeons,RPG;Strategy,6.99,214,266,Realmforge Studios,2011-02-04
The First Templar - Steam Special Edition,Action;Adventure,6.99,473,208,Haemimont Games,2011-05-12
Tropico 4,Simulation;Strategy,12.49,8740,827,Haemimont Games,2011-09-01
Who's That Flying?!,Action;Casual;Indie,3.99,98,42,Mediatonic,2011-01-31
Jagged Alliance - Back in Action,RPG;Simulation;Strategy,14.99,730,345,Coreplay GmbH;Bigmoon Studios,2012-02-08
Doc Clock: The Toasted Sandwich of Time,Adventure;Casual;Indie,2.99,79,92,Stickmen Studios,2010-10-15
Duke Nukem Forever,Action,14.99,4433,2243,Gearbox Software,2011-06-09
Jolly Rover,Adventure;Casual;Indie,6.99,249,31,Brawsome,2010-06-07
MacGuffin's Curse,Adventure;Casual;Indie,6.99,81,16,Brawsome,2012-04-19
Turba,Casual;Indie,3.49,46,83,Binary Takeover,2010-07-01
Blood Bowl - Legendary Edition,Sports;Strategy,7.99,675,228,Cyanide Studios,2010-10-28
A Game of Thrones - Genesis,Strategy,6.99,201,420,Cyanide Studios,2011-09-28
Runaway: A Twist of Fate,Adventure,6.99,191,34,Pendulo Studios,2011-04-21
The Next BIG Thing,Adventure,6.99,352,59,Pendulo Studios,2011-04-21
Wargame: European Escalation,Strategy,7.99,1892,574,Eugen Systems,2012-02-22
Luxor: 5th Passage,Action;Adventure;Casual,6.99,39,20,MumboJumbo,2011-01-25
Glowfish,Adventure;Casual;Indie,6.99,80,11,MumboJumbo,2011-09-30
ProtoGalaxy,Action;Indie,0.0,30,22,Source Studio Ltd.,2010-10-06
Power of Defense,Strategy;Indie,6.99,9,25,4sdk,2010-08-04
Numen: Contest of Heroes,RPG,4.99,66,69,"CINEMAX, s.r.o.",2010-06-03
Lucid,Indie;Casual,4.99,171,53,YeaBoing,2011-07-19
Fractal: Make Blooms Not War,Indie;Casual,4.99,140,44,Cipher Prime Studios,2011-11-29
Age of Wonders,RPG;Strategy,3.99,334,98,Triumph Studios,2010-10-01
Age of Wonders II: The Wizard's Throne,RPG;Strategy,6.99,105,28,Triumph Studios,2010-10-01
Age of Wonders Shadow Magic,RPG;Strategy,6.99,225,35,Triumph Studios,2010-10-01
Zen Bound 2,Indie;Casual,3.99,432,65,Secret Exit Ltd.,2010-11-16
Might & Magic: Clash of Heroes,RPG;Strategy,8.59,1293,157,Capybara Games,2011-09-21
Critter Crunch,Action;Indie;Casual,4.99,256,14,Capybara Games,2012-09-11
Flight Control HD,Action;Casual,2.99,406,36,Firemint,2010-11-18
Chime,Casual,3.99,564,39,ZoÃ« Mode,2010-09-06
HOARD,Action;Casual;Indie;Strategy,6.99,673,168,Big Sandwich Games,2011-04-04
Alter Ego,Adventure,7.19,139,59,bitComposer Games,2010-08-03
Monday Night Combat,Action;Strategy;Indie;Sports,3.99,720,205,Uber Entertainment,2011-01-24
Swords and Soldiers HD,Action;Casual;Indie;Strategy,6.99,572,160,Ronimo Games,2010-12-02
Riven: The Sequel to MYST,Adventure;Casual,3.99,288,103,Cyan Worlds,2010-08-04
URU: Complete Chronicles,Adventure;Casual,6.99,68,18,Cyan Worlds,2010-08-03
Myst: Masterpiece Edition,Adventure;Casual,3.99,155,80,Cyan Worlds,2011-02-02
BIT.TRIP BEAT,Action;Casual;Indie,6.99,616,140,Gaijin Games,2010-11-02
BIT.TRIP RUNNER,Action;Indie,6.99,3058,490,Gaijin Games,2011-02-28
Delve Deeper,Adventure;Indie;RPG;Strategy,3.99,225,159,Lunar Giant,2010-09-24
Fantasy Wars,Strategy,3.99,115,28,Ino-Co,2010-08-06
King's Bounty: Crossworlds,RPG;Strategy,11.99,492,47,Katauri Interactive,2010-09-17
Men of War: Vietnam,Strategy,5.59,399,247,1C Entertainment,2011-09-08
Theatre of War 3: Korea,Strategy,4.99,50,76,1C Entertainment,2011-03-24
Men of War: Assault Squad,Strategy,7.19,2881,416,Digitalmindsoft,2011-02-24
Ride 'em Low,Racing;Simulation,2.09,56,55,Red Dot Games;PLAY,2013-11-04
Kaptain Brawe: A Brawe New World,Adventure,3.99,87,30,Cateia Games,2011-01-20
Demolition Company Gold Edition,Simulation,7.19,144,27,Giants Software,2011-08-04
Archon Classic,Strategy;Indie,6.99,87,17,React Games,2010-11-02
Aura: Fate of the Ages,Adventure,4.49,84,63,Streko Graphics,2010-10-04
SpellForce 2: Faith in Destiny,RPG;Strategy,13.99,125,85,Mind Over Matter Studios,2012-06-19
Gothic 1,Action;RPG,0.0,3396,523,Piranha Bytes,2001-03-15
Painkiller Redemption,Action,4.49,206,196,Eggtooth Team,2011-02-25
Gothic 3: Forsaken Gods Enhanced Edition,RPG,8.99,247,254,Trine Studios;G3 Community Patch Team;Mad Vulture Games,2011-03-22
ArcaniA: Fall of Setarrif,RPG,13.99,119,225,Spellbound Studios,2011-10-24
Pat & Mat,Casual,3.99,297,59,Centauri Production,2010-11-05
Take On Helicopters,Simulation,11.99,340,260,Bohemia Interactive,2011-10-27
Carrier Command: Gaea Mission,Action;Strategy,19.99,362,442,Bohemia Interactive,2012-09-28
ARMA: Gold Edition,Action;Simulation;Strategy,5.99,548,209,Bohemia Interactive,2011-07-13
ARMA: Cold War Assault,Action;Simulation;Strategy,3.49,3195,942,Bohemia Interactive,2011-08-08
Dungeon Defenders,Action;Indie;RPG;Strategy,9.99,10693,932,Trendy Entertainment,2011-10-18
The Bureau: XCOM Declassified,Action,14.99,6661,2923,2K Marin,2013-08-22
Sid Meier's CivilizationÂ®: Beyond Earthâ„¢,Strategy,29.99,9555,8224,Firaxis Games;Aspyr (Mac);Aspyr (Linux),2014-10-23
